,XPM,XPA,XP%,FGM,FGA,FG%,1-19,20-29,30-39,40-49,50+,LNG,PTS,school_name,school_year_name,record,Name,school_name,school_year_name,record
0,41,42,97.6,25,28,89.3,0-0,6-7,12-12,3-3,4-6,52,116,TulaneGreen Wave,Tulane Green Wave Player Stats 2025,1st in American,Patrick DurkinPK,TulaneGreen Wave,Tulane Green Wave Player Stats 2025,1st in American
1,41,42,97.6,25,28,89.3,0-0,6-7,12-12,3-3,4-6,52,116,TulaneGreen Wave,Tulane Green Wave Player Stats 2025,1st in American,Total,TulaneGreen Wave,Tulane Green Wave Player Stats 2025,1st in American
2,70,70,100.0,12,13,92.3,1-1,9-9,0-0,2-3,0-0,46,106,North TexasMean Green,North Texas Mean Green Player Stats 2025,1st in American,Kali NgumaPK,North TexasMean Green,North Texas Mean Green Player Stats 2025,1st in American
3,7,7,100.0,0,1,0.0,0-0,0-0,0-1,0-0,0-0,0,7,North TexasMean Green,North Texas Mean Green Player Stats 2025,1st in American,Miguel ArenasPK,North TexasMean Green,North Texas Mean Green Player Stats 2025,1st in American
4,77,77,100.0,12,14,85.7,1-1,9-9,0-1,2-3,0-0,46,113,North TexasMean Green,North Texas Mean Green Player Stats 2025,1st in American,Total,North TexasMean Green,North Texas Mean Green Player Stats 2025,1st in American
5,53,53,100.0,10,11,90.9,0-0,4-4,4-4,2-3,0-0,48,83,NavyMidshipmen,Navy Midshipmen Player Stats 2025,1st in American,Nathan KirkwoodPK,NavyMidshipmen,Navy Midshipmen Player Stats 2025,1st in American
6,53,53,100.0,10,11,90.9,0-0,4-4,4-4,2-3,0-0,48,83,NavyMidshipmen,Navy Midshipmen Player Stats 2025,1st in American,Total,NavyMidshipmen,Navy Midshipmen Player Stats 2025,1st in American
7,43,43,100.0,16,19,84.2,0-0,3-4,7-7,5-5,1-3,50,91,East CarolinaPirates,East Carolina Pirates Player Stats 2025,4th in American,Nick MazziePK,East CarolinaPirates,East Carolina Pirates Player Stats 2025,4th in American
8,6,6,100.0,0,0,0.0,0-0,0-0,0-0,0-0,0-0,0,6,East CarolinaPirates,East Carolina Pirates Player Stats 2025,4th in American,Andrew ConradPK,East CarolinaPirates,East Carolina Pirates Player Stats 2025,4th in American
9,2,2,100.0,0,0,0.0,0-0,0-0,0-0,0-0,0-0,0,2,East CarolinaPirates,East Carolina Pirates Player Stats 2025,4th in American,Noah PerezPK,East CarolinaPirates,East Carolina Pirates Player Stats 2025,4th in American
10,51,51,100.0,16,19,84.2,0-0,3-4,7-7,5-5,1-3,50,99,East CarolinaPirates,East Carolina Pirates Player Stats 2025,4th in American,Total,East CarolinaPirates,East Carolina Pirates Player Stats 2025,4th in American
11,59,60,98.3,18,24,75.0,0-0,7-7,2-3,7-9,2-5,52,113,South FloridaBulls,South Florida Bulls Player Stats 2025,4th in American,Nico GramaticaPK,South FloridaBulls,South Florida Bulls Player Stats 2025,4th in American
12,3,3,100.0,0,0,0.0,0-0,0-0,0-0,0-0,0-0,0,3,South FloridaBulls,South Florida Bulls Player Stats 2025,4th in American,Adam ZouaguiPK,South FloridaBulls,South Florida Bulls Player Stats 2025,4th in American
13,62,63,98.4,18,24,75.0,0-0,7-7,2-3,7-9,2-5,52,116,South FloridaBulls,South Florida Bulls Player Stats 2025,4th in American,Total,South FloridaBulls,South Florida Bulls Player Stats 2025,4th in American
14,35,36,97.2,15,20,75.0,0-0,5-5,4-6,6-9,0-0,48,80,ArmyBlack Knights,Army Black Knights Player Stats 2025,6th in American,Dawson JonesPK,ArmyBlack Knights,Army Black Knights Player Stats 2025,6th in American
15,35,36,97.2,15,20,75.0,0-0,5-5,4-6,6-9,0-0,48,80,ArmyBlack Knights,Army Black Knights Player Stats 2025,6th in American,Total,ArmyBlack Knights,Army Black Knights Player Stats 2025,6th in American
16,49,49,100.0,15,20,75.0,0-0,3-3,5-6,3-6,4-5,55,94,MemphisTigers,Memphis Tigers Player Stats 2025,6th in American,Gianni SpeticPK,MemphisTigers,Memphis Tigers Player Stats 2025,6th in American
17,49,49,100.0,15,20,75.0,0-0,3-3,5-6,3-6,4-5,55,94,MemphisTigers,Memphis Tigers Player Stats 2025,6th in American,Total,MemphisTigers,Memphis Tigers Player Stats 2025,6th in American
18,56,56,100.0,17,20,85.0,0-0,4-4,10-12,3-4,0-0,45,107,UTSARoadrunners,UTSA Roadrunners Player Stats 2025,6th in American,Michael PetroPK,UTSARoadrunners,UTSA Roadrunners Player Stats 2025,6th in American
19,1,1,100.0,0,0,0.0,0-0,0-0,0-0,0-0,0-0,0,1,UTSARoadrunners,UTSA Roadrunners Player Stats 2025,6th in American,Jaffer MurphyPK,UTSARoadrunners,UTSA Roadrunners Player Stats 2025,6th in American
20,57,57,100.0,17,20,85.0,0-0,4-4,10-12,3-4,0-0,45,108,UTSARoadrunners,UTSA Roadrunners Player Stats 2025,6th in American,Total,UTSARoadrunners,UTSA Roadrunners Player Stats 2025,6th in American
21,40,40,100.0,11,14,78.6,0-0,3-3,5-6,2-3,1-2,52,73,TempleOwls,Temple Owls Player Stats 2025,9th in American,Carl HardinPK,TempleOwls,Temple Owls Player Stats 2025,9th in American
22,1,1,100.0,0,0,0.0,0-0,0-0,0-0,0-0,0-0,0,1,TempleOwls,Temple Owls Player Stats 2025,9th in American,Lucas GlassburnPK,TempleOwls,Temple Owls Player Stats 2025,9th in American
23,41,41,100.0,11,14,78.6,0-0,3-3,5-6,2-3,1-2,52,74,TempleOwls,Temple Owls Player Stats 2025,9th in American,Total,TempleOwls,Temple Owls Player Stats 2025,9th in American
24,36,36,100.0,16,19,84.2,0-0,8-8,5-7,3-4,0-0,49,84,Florida AtlanticOwls,Florida Atlantic Owls Player Stats 2025,9th in American,Garrison SmithPK,Florida AtlanticOwls,Florida Atlantic Owls Player Stats 2025,9th in American
25,36,36,100.0,16,19,84.2,0-0,8-8,5-7,3-4,0-0,49,84,Florida AtlanticOwls,Florida Atlantic Owls Player Stats 2025,9th in American,Total,Florida AtlanticOwls,Florida Atlantic Owls Player Stats 2025,9th in American
26,27,27,100.0,10,13,76.9,0-0,2-2,4-4,4-5,0-2,49,57,RiceOwls,Rice Owls Player Stats 2025,11th in American,Enock GotaPK,RiceOwls,Rice Owls Player Stats 2025,11th in American
27,2,2,100.0,1,1,100.0,0-0,0-0,0-0,1-1,0-0,45,5,RiceOwls,Rice Owls Player Stats 2025,11th in American,Chase AllenPK,RiceOwls,Rice Owls Player Stats 2025,11th in American
28,29,29,100.0,11,14,78.6,0-0,2-2,4-4,5-6,0-2,49,62,RiceOwls,Rice Owls Player Stats 2025,11th in American,Total,RiceOwls,Rice Owls Player Stats 2025,11th in American
29,29,29,100.0,10,14,71.4,0-0,2-2,2-4,6-8,0-0,46,59,UABBlazers,UAB Blazers Player Stats 2025,11th in American,Jonah DelangePK,UABBlazers,UAB Blazers Player Stats 2025,11th in American
30,29,29,100.0,10,14,71.4,0-0,2-2,2-4,6-8,0-0,46,59,UABBlazers,UAB Blazers Player Stats 2025,11th in American,Total,UABBlazers,UAB Blazers Player Stats 2025,11th in American
31,27,27,100.0,17,21,81.0,0-0,7-7,4-5,6-8,0-1,49,78,TulsaGolden Hurricane,Tulsa Golden Hurricane Player Stats 2025,13th in American,Seth MorganPK,TulsaGolden Hurricane,Tulsa Golden Hurricane Player Stats 2025,13th in American
32,27,27,100.0,17,21,81.0,0-0,7-7,4-5,6-8,0-1,49,78,TulsaGolden Hurricane,Tulsa Golden Hurricane Player Stats 2025,13th in American,Total,TulsaGolden Hurricane,Tulsa Golden Hurricane Player Stats 2025,13th in American
33,15,15,100.0,9,12,75.0,0-0,4-6,2-2,3-4,0-0,42,42,Charlotte49ers,Charlotte 49ers Player Stats 2025,14th in American,Liam BoydPK,Charlotte49ers,Charlotte 49ers Player Stats 2025,14th in American
34,15,15,100.0,9,12,75.0,0-0,4-6,2-2,3-4,0-0,42,42,Charlotte49ers,Charlotte 49ers Player Stats 2025,14th in American,Total,Charlotte49ers,Charlotte 49ers Player Stats 2025,14th in American
35,49,49,100.0,24,30,80.0,0-0,8-9,8-8,8-12,0-1,47,121,VirginiaCavaliers,Virginia Cavaliers Player Stats 2025,1st in ACC,Will BettridgePK,VirginiaCavaliers,Virginia Cavaliers Player Stats 2025,1st in ACC
36,49,49,100.0,24,30,80.0,0-0,8-9,8-8,8-12,0-1,47,121,VirginiaCavaliers,Virginia Cavaliers Player Stats 2025,1st in ACC,Total,VirginiaCavaliers,Virginia Cavaliers Player Stats 2025,1st in ACC
37,36,38,94.7,14,20,70.0,0-0,4-4,4-4,5-10,1-2,51,78,SMUMustangs,SMU Mustangs Player Stats 2025,2nd in ACC,Sam KeltnerPK,SMUMustangs,SMU Mustangs Player Stats 2025,2nd in ACC
38,12,12,100.0,1,4,25.0,0-0,0-0,0-1,1-1,0-2,43,15,SMUMustangs,SMU Mustangs Player Stats 2025,2nd in ACC,Collin RogersPK,SMUMustangs,SMU Mustangs Player Stats 2025,2nd in ACC
39,2,2,100.0,0,0,0.0,0-0,0-0,0-0,0-0,0-0,0,2,SMUMustangs,SMU Mustangs Player Stats 2025,2nd in ACC,Stone EbyTE,SMUMustangs,SMU Mustangs Player Stats 2025,2nd in ACC
40,50,51,98.0,15,23,65.2,0-0,4-4,4-4,6-11,1-4,51,95,SMUMustangs,SMU Mustangs Player Stats 2025,2nd in ACC,Total,SMUMustangs,SMU Mustangs Player Stats 2025,2nd in ACC
41,52,52,100.0,17,24,70.8,0-0,5-5,5-6,6-10,1-3,53,103,MiamiHurricanes,Miami Hurricanes Player Stats 2025,2nd in ACC,Carter DavisPK,MiamiHurricanes,Miami Hurricanes Player Stats 2025,2nd in ACC
42,8,8,100.0,1,1,100.0,0-0,0-0,1-1,0-0,0-0,31,11,MiamiHurricanes,Miami Hurricanes Player Stats 2025,2nd in ACC,Bert AuburnPK,MiamiHurricanes,Miami Hurricanes Player Stats 2025,2nd in ACC
43,1,1,100.0,0,0,0.0,0-0,0-0,0-0,0-0,0-0,0,1,MiamiHurricanes,Miami Hurricanes Player Stats 2025,2nd in ACC,Will RochaPK,MiamiHurricanes,Miami Hurricanes Player Stats 2025,2nd in ACC
44,61,61,100.0,18,25,72.0,0-0,5-5,6-7,6-10,1-3,53,115,MiamiHurricanes,Miami Hurricanes Player Stats 2025,2nd in ACC,Total,MiamiHurricanes,Miami Hurricanes Player Stats 2025,2nd in ACC
45,43,44,97.7,20,23,87.0,0-0,5-5,9-9,6-9,0-0,47,103,PittsburghPanthers,Pittsburgh Panthers Player Stats 2025,2nd in ACC,Trey ButkowskiPK,PittsburghPanthers,Pittsburgh Panthers Player Stats 2025,2nd in ACC
46,6,6,100.0,1,3,33.3,0-0,1-1,0-1,0-0,0-1,24,9,PittsburghPanthers,Pittsburgh Panthers Player Stats 2025,2nd in ACC,Sam CarpenterPK,PittsburghPanthers,Pittsburgh Panthers Player Stats 2025,2nd in ACC
47,49,49,100.0,21,26,80.8,0-0,6-6,9-10,6-9,0-1,47,112,PittsburghPanthers,Pittsburgh Panthers Player Stats 2025,2nd in ACC,Total,PittsburghPanthers,Pittsburgh Panthers Player Stats 2025,2nd in ACC
48,45,45,100.0,25,29,86.2,1-1,9-9,7-8,7-8,1-3,55,120,Georgia TechYellow Jackets,Georgia Tech Yellow Jackets Player Stats 2025,2nd in ACC,Aidan BirrPK,Georgia TechYellow Jackets,Georgia Tech Yellow Jackets Player Stats 2025,2nd in ACC
49,45,45,100.0,25,29,86.2,1-1,9-9,7-8,7-8,1-3,55,120,Georgia TechYellow Jackets,Georgia Tech Yellow Jackets Player Stats 2025,2nd in ACC,Total,Georgia TechYellow Jackets,Georgia Tech Yellow Jackets Player Stats 2025,2nd in ACC
50,56,56,100.0,14,19,73.7,0-0,6-6,2-2,6-11,0-0,49,98,DukeBlue Devils,Duke Blue Devils Player Stats 2025,2nd in ACC,Todd PelinoPK,DukeBlue Devils,Duke Blue Devils Player Stats 2025,2nd in ACC
51,56,56,100.0,14,19,73.7,0-0,6-6,2-2,6-11,0-0,49,98,DukeBlue Devils,Duke Blue Devils Player Stats 2025,2nd in ACC,Total,DukeBlue Devils,Duke Blue Devils Player Stats 2025,2nd in ACC
52,48,49,98.0,5,6,83.3,0-0,1-2,3-3,0-0,1-1,51,63,NC StateWolfpack,NC State Wolfpack Player Stats 2025,7th in ACC,Kanoah VinesettPK,NC StateWolfpack,NC State Wolfpack Player Stats 2025,7th in ACC
53,3,3,100.0,1,3,33.3,0-0,1-1,0-0,0-2,0-0,29,6,NC StateWolfpack,NC State Wolfpack Player Stats 2025,7th in ACC,Nick KonieczynskiPK,NC StateWolfpack,NC State Wolfpack Player Stats 2025,7th in ACC
54,52,53,98.1,6,9,66.7,0-0,2-3,3-3,0-2,1-1,51,70,NC StateWolfpack,NC State Wolfpack Player Stats 2025,7th in ACC,Total,NC StateWolfpack,NC State Wolfpack Player Stats 2025,7th in ACC
55,39,39,100.0,10,13,76.9,0-0,4-4,3-3,3-6,0-0,45,69,CaliforniaGolden Bears,California Golden Bears Player Stats 2025,7th in ACC,Chase MeyerPK,CaliforniaGolden Bears,California Golden Bears Player Stats 2025,7th in ACC
56,0,0,0.0,4,6,66.7,0-0,0-0,0-0,4-6,0-0,49,12,CaliforniaGolden Bears,California Golden Bears Player Stats 2025,7th in ACC,Abram MurrayPK,CaliforniaGolden Bears,California Golden Bears Player Stats 2025,7th in ACC
57,39,39,100.0,14,19,73.7,0-0,4-4,3-3,7-12,0-0,49,81,CaliforniaGolden Bears,California Golden Bears Player Stats 2025,7th in ACC,Total,CaliforniaGolden Bears,California Golden Bears Player Stats 2025,7th in ACC
58,38,38,100.0,17,21,81.0,0-0,6-6,2-4,8-9,1-2,50,89,ClemsonTigers,Clemson Tigers Player Stats 2025,7th in ACC,Nolan HauserPK,ClemsonTigers,Clemson Tigers Player Stats 2025,7th in ACC
59,3,3,100.0,0,0,0.0,0-0,0-0,0-0,0-0,0-0,0,3,ClemsonTigers,Clemson Tigers Player Stats 2025,7th in ACC,Quinn CastnerPK,ClemsonTigers,Clemson Tigers Player Stats 2025,7th in ACC
60,41,41,100.0,17,21,81.0,0-0,6-6,2-4,8-9,1-2,50,92,ClemsonTigers,Clemson Tigers Player Stats 2025,7th in ACC,Total,ClemsonTigers,Clemson Tigers Player Stats 2025,7th in ACC
61,39,41,95.1,21,25,84.0,0-0,6-6,7-7,6-7,2-5,51,102,LouisvilleCardinals,Louisville Cardinals Player Stats 2025,7th in ACC,Cooper RanvierPK,LouisvilleCardinals,Louisville Cardinals Player Stats 2025,7th in ACC
62,1,2,50.0,2,4,50.0,0-0,0-0,0-0,0-1,2-3,57,7,LouisvilleCardinals,Louisville Cardinals Player Stats 2025,7th in ACC,Nick KellerPK,LouisvilleCardinals,Louisville Cardinals Player Stats 2025,7th in ACC
63,40,42,95.2,23,29,79.3,0-0,6-6,7-7,6-8,4-8,57,109,LouisvilleCardinals,Louisville Cardinals Player Stats 2025,7th in ACC,Total,LouisvilleCardinals,Louisville Cardinals Player Stats 2025,7th in ACC
64,32,33,97.0,18,22,81.8,0-0,8-9,2-3,6-6,2-4,50,86,Wake ForestDemon Deacons,Wake Forest Demon Deacons Player Stats 2025,7th in ACC,Connor CalvertPK,Wake ForestDemon Deacons,Wake Forest Demon Deacons Player Stats 2025,7th in ACC
65,3,3,100.0,0,0,0.0,0-0,0-0,0-0,0-0,0-0,0,3,Wake ForestDemon Deacons,Wake Forest Demon Deacons Player Stats 2025,7th in ACC,Matthew DennisPK,Wake ForestDemon Deacons,Wake Forest Demon Deacons Player Stats 2025,7th in ACC
66,35,35,100.0,18,22,81.8,0-0,8-9,2-3,6-6,2-4,50,89,Wake ForestDemon Deacons,Wake Forest Demon Deacons Player Stats 2025,7th in ACC,Total,Wake ForestDemon Deacons,Wake Forest Demon Deacons Player Stats 2025,7th in ACC
67,21,21,100.0,16,21,76.2,0-0,5-6,8-10,3-5,0-0,46,69,StanfordCardinal,Stanford Cardinal Player Stats 2025,12th in ACC,Emmet KenneyPK,StanfordCardinal,Stanford Cardinal Player Stats 2025,12th in ACC
68,1,1,100.0,0,0,0.0,0-0,0-0,0-0,0-0,0-0,0,1,StanfordCardinal,Stanford Cardinal Player Stats 2025,12th in ACC,AJ SeidlerPK,StanfordCardinal,Stanford Cardinal Player Stats 2025,12th in ACC
69,22,22,100.0,16,21,76.2,0-0,5-6,8-10,3-5,0-0,46,70,StanfordCardinal,Stanford Cardinal Player Stats 2025,12th in ACC,Total,StanfordCardinal,Stanford Cardinal Player Stats 2025,12th in ACC
70,46,46,100.0,12,19,63.2,0-0,3-3,6-8,3-6,0-2,46,82,Florida StateSeminoles,Florida State Seminoles Player Stats 2025,13th in ACC,Jake WeinbergPK,Florida StateSeminoles,Florida State Seminoles Player Stats 2025,13th in ACC
71,2,2,100.0,0,0,0.0,0-0,0-0,0-0,0-0,0-0,0,2,Florida StateSeminoles,Florida State Seminoles Player Stats 2025,13th in ACC,Brunno ReusP,Florida StateSeminoles,Florida State Seminoles Player Stats 2025,13th in ACC
72,48,48,100.0,12,19,63.2,0-0,3-3,6-8,3-6,0-2,46,84,Florida StateSeminoles,Florida State Seminoles Player Stats 2025,13th in ACC,Total,Florida StateSeminoles,Florida State Seminoles Player Stats 2025,13th in ACC
73,20,20,100.0,19,23,82.6,0-0,5-5,3-4,10-11,1-3,57,77,North CarolinaTar Heels,North Carolina Tar Heels Player Stats 2025,13th in ACC,Rece VerhoffPK,North CarolinaTar Heels,North Carolina Tar Heels Player Stats 2025,13th in ACC
74,20,20,100.0,19,23,82.6,0-0,5-5,3-4,10-11,1-3,57,77,North CarolinaTar Heels,North Carolina Tar Heels Player Stats 2025,13th in ACC,Total,North CarolinaTar Heels,North Carolina Tar Heels Player Stats 2025,13th in ACC
75,25,25,100.0,15,20,75.0,0-0,4-4,7-7,2-5,2-4,56,70,Virginia TechHokies,Virginia Tech Hokies Player Stats 2025,13th in ACC,John LovePK,Virginia TechHokies,Virginia Tech Hokies Player Stats 2025,13th in ACC
76,1,1,100.0,0,0,0.0,0-0,0-0,0-0,0-0,0-0,0,1,Virginia TechHokies,Virginia Tech Hokies Player Stats 2025,13th in ACC,Kyle LowePK,Virginia TechHokies,Virginia Tech Hokies Player Stats 2025,13th in ACC
77,26,26,100.0,15,20,75.0,0-0,4-4,7-7,2-5,2-4,56,71,Virginia TechHokies,Virginia Tech Hokies Player Stats 2025,13th in ACC,Total,Virginia TechHokies,Virginia Tech Hokies Player Stats 2025,13th in ACC
78,35,35,100.0,16,17,94.1,0-0,3-3,8-8,3-4,2-2,52,83,Boston CollegeEagles,Boston College Eagles Player Stats 2025,16th in ACC,Luca LombardoPK,Boston CollegeEagles,Boston College Eagles Player Stats 2025,16th in ACC
79,35,35,100.0,16,17,94.1,0-0,3-3,8-8,3-4,2-2,52,83,Boston CollegeEagles,Boston College Eagles Player Stats 2025,16th in ACC,Total,Boston CollegeEagles,Boston College Eagles Player Stats 2025,16th in ACC
80,22,22,100.0,12,14,85.7,0-0,5-5,5-5,2-4,0-0,49,58,SyracuseOrange,Syracuse Orange Player Stats 2025,16th in ACC,Tripp WoodyPK,SyracuseOrange,Syracuse Orange Player Stats 2025,16th in ACC
81,22,22,100.0,12,14,85.7,0-0,5-5,5-5,2-4,0-0,49,58,SyracuseOrange,Syracuse Orange Player Stats 2025,16th in ACC,Total,SyracuseOrange,Syracuse Orange Player Stats 2025,16th in ACC
82,41,42,97.6,22,28,78.6,0-0,10-10,3-3,6-10,3-5,58,107,Texas TechRed Raiders,Texas Tech Red Raiders Player Stats 2025,1st in Big 12,Stone HarringtonPK,Texas TechRed Raiders,Texas Tech Red Raiders Player Stats 2025,1st in Big 12
83,14,16,87.5,6,6,100.0,0-0,5-5,1-1,0-0,0-0,33,32,Texas TechRed Raiders,Texas Tech Red Raiders Player Stats 2025,1st in Big 12,Upton BellenfantPK,Texas TechRed Raiders,Texas Tech Red Raiders Player Stats 2025,1st in Big 12
84,3,3,100.0,0,0,0.0,0-0,0-0,0-0,0-0,0-0,0,3,Texas TechRed Raiders,Texas Tech Red Raiders Player Stats 2025,1st in Big 12,Ian HersheyP,Texas TechRed Raiders,Texas Tech Red Raiders Player Stats 2025,1st in Big 12
85,58,61,95.1,28,34,82.4,0-0,15-15,4-4,6-10,3-5,58,142,Texas TechRed Raiders,Texas Tech Red Raiders Player Stats 2025,1st in Big 12,Total,Texas TechRed Raiders,Texas Tech Red Raiders Player Stats 2025,1st in Big 12
86,49,49,100.0,23,30,76.7,0-0,11-11,6-6,2-7,4-6,56,118,BYUCougars,BYU Cougars Player Stats 2025,1st in Big 12,Will FerrinPK,BYUCougars,BYU Cougars Player Stats 2025,1st in Big 12
87,49,49,100.0,23,30,76.7,0-0,11-11,6-6,2-7,4-6,56,118,BYUCougars,BYU Cougars Player Stats 2025,1st in Big 12,Total,BYUCougars,BYU Cougars Player Stats 2025,1st in Big 12
88,68,71,95.8,11,15,73.3,0-0,2-2,5-5,2-5,2-3,54,101,UtahUtes,Utah Utes Player Stats 2025,3rd in Big 12,Dillon CurtisPK,UtahUtes,Utah Utes Player Stats 2025,3rd in Big 12
89,68,70,97.1,11,15,73.3,0-0,2-2,5-5,2-5,2-3,54,101,UtahUtes,Utah Utes Player Stats 2025,3rd in Big 12,Total,UtahUtes,Utah Utes Player Stats 2025,3rd in Big 12
90,43,43,100.0,21,26,80.8,0-0,8-8,3-4,9-12,1-2,52,106,HoustonCougars,Houston Cougars Player Stats 2025,4th in Big 12,Ethan SanchezPK,HoustonCougars,Houston Cougars Player Stats 2025,4th in Big 12
91,43,43,100.0,21,26,80.8,0-0,8-8,3-4,9-12,1-2,52,106,HoustonCougars,Houston Cougars Player Stats 2025,4th in Big 12,Total,HoustonCougars,Houston Cougars Player Stats 2025,4th in Big 12
92,47,48,97.9,19,31,61.3,0-0,5-5,6-9,5-12,3-5,57,104,ArizonaWildcats,Arizona Wildcats Player Stats 2025,4th in Big 12,Michael Salgado-MedinaPK,ArizonaWildcats,Arizona Wildcats Player Stats 2025,4th in Big 12
93,47,48,97.9,19,32,59.4,0-0,5-5,6-10,5-12,3-5,57,104,ArizonaWildcats,Arizona Wildcats Player Stats 2025,4th in Big 12,Total,ArizonaWildcats,Arizona Wildcats Player Stats 2025,4th in Big 12
94,33,33,100.0,22,30,73.3,1-1,6-7,8-9,5-10,2-3,54,99,Arizona StateSun Devils,Arizona State Sun Devils Player Stats 2025,4th in Big 12,Jesus GomezPK,Arizona StateSun Devils,Arizona State Sun Devils Player Stats 2025,4th in Big 12
95,33,33,100.0,22,30,73.3,1-1,6-7,8-9,5-10,2-3,54,99,Arizona StateSun Devils,Arizona State Sun Devils Player Stats 2025,4th in Big 12,Total,Arizona StateSun Devils,Arizona State Sun Devils Player Stats 2025,4th in Big 12
96,19,21,90.5,14,18,77.8,0-0,2-2,5-5,4-7,3-4,63,61,Iowa StateCyclones,Iowa State Cyclones Player Stats 2025,7th in Big 12,Kyle KonrardyPK,Iowa StateCyclones,Iowa State Cyclones Player Stats 2025,7th in Big 12
97,12,12,100.0,2,3,66.7,0-0,0-0,2-3,0-0,0-0,38,18,Iowa StateCyclones,Iowa State Cyclones Player Stats 2025,7th in Big 12,Chase SmithPK,Iowa StateCyclones,Iowa State Cyclones Player Stats 2025,7th in Big 12
98,31,33,93.9,16,21,76.2,0-0,2-2,7-8,4-7,3-4,63,79,Iowa StateCyclones,Iowa State Cyclones Player Stats 2025,7th in Big 12,Total,Iowa StateCyclones,Iowa State Cyclones Player Stats 2025,7th in Big 12
99,42,42,100.0,13,15,86.7,1-1,2-2,7-8,2-2,1-2,51,81,Kansas StateWildcats,Kansas State Wildcats Player Stats 2025,7th in Big 12,Luis RodriguezPK,Kansas StateWildcats,Kansas State Wildcats Player Stats 2025,7th in Big 12
100,42,42,100.0,13,15,86.7,1-1,2-2,7-8,2-2,1-2,51,81,Kansas StateWildcats,Kansas State Wildcats Player Stats 2025,7th in Big 12,Total,Kansas StateWildcats,Kansas State Wildcats Player Stats 2025,7th in Big 12
101,42,42,100.0,9,12,75.0,0-0,4-5,4-5,1-2,0-0,41,69,TCUHorned Frogs,TCU Horned Frogs Player Stats 2025,7th in Big 12,Nate McCashlandPK,TCUHorned Frogs,TCU Horned Frogs Player Stats 2025,7th in Big 12
102,9,9,100.0,3,3,100.0,0-0,1-1,2-2,0-0,0-0,33,18,TCUHorned Frogs,TCU Horned Frogs Player Stats 2025,7th in Big 12,Kyle LemmermannPK,TCUHorned Frogs,TCU Horned Frogs Player Stats 2025,7th in Big 12
103,51,51,100.0,12,15,80.0,0-0,5-6,6-7,1-2,0-0,41,87,TCUHorned Frogs,TCU Horned Frogs Player Stats 2025,7th in Big 12,Total,TCUHorned Frogs,TCU Horned Frogs Player Stats 2025,7th in Big 12
104,47,47,100.0,13,17,76.5,0-0,6-6,3-3,4-8,0-0,46,86,CincinnatiBearcats,Cincinnati Bearcats Player Stats 2025,7th in Big 12,Stephen RusnakPK,CincinnatiBearcats,Cincinnati Bearcats Player Stats 2025,7th in Big 12
105,2,2,100.0,0,0,0.0,0-0,0-0,0-0,0-0,0-0,0,2,CincinnatiBearcats,Cincinnati Bearcats Player Stats 2025,7th in Big 12,Dino BeslagicP,CincinnatiBearcats,Cincinnati Bearcats Player Stats 2025,7th in Big 12
106,49,49,100.0,13,17,76.5,0-0,6-6,3-3,4-8,0-0,46,88,CincinnatiBearcats,Cincinnati Bearcats Player Stats 2025,7th in Big 12,Total,CincinnatiBearcats,Cincinnati Bearcats Player Stats 2025,7th in Big 12
107,37,37,100.0,18,22,81.8,0-0,4-4,6-6,5-8,3-4,54,91,BaylorBears,Baylor Bears Player Stats 2025,11th in Big 12,Connor HawkinsPK,BaylorBears,Baylor Bears Player Stats 2025,11th in Big 12
108,37,37,100.0,18,22,81.8,0-0,4-4,6-6,5-8,3-4,54,91,BaylorBears,Baylor Bears Player Stats 2025,11th in Big 12,Total,BaylorBears,Baylor Bears Player Stats 2025,11th in Big 12
109,40,40,100.0,14,17,82.4,0-0,3-3,3-5,6-7,2-2,55,82,KansasJayhawks,Kansas Jayhawks Player Stats 2025,11th in Big 12,Laith MarjanPK,KansasJayhawks,Kansas Jayhawks Player Stats 2025,11th in Big 12
110,1,1,100.0,0,0,0.0,0-0,0-0,0-0,0-0,0-0,0,1,KansasJayhawks,Kansas Jayhawks Player Stats 2025,11th in Big 12,Dane EfirdPK,KansasJayhawks,Kansas Jayhawks Player Stats 2025,11th in Big 12
111,41,41,100.0,14,17,82.4,0-0,3-3,3-5,6-7,2-2,55,83,KansasJayhawks,Kansas Jayhawks Player Stats 2025,11th in Big 12,Total,KansasJayhawks,Kansas Jayhawks Player Stats 2025,11th in Big 12
112,32,33,97.0,15,17,88.2,0-0,1-1,7-7,4-5,3-4,54,77,UCFKnights,UCF Knights Player Stats 2025,13th in Big 12,Noe RuelasPK,UCFKnights,UCF Knights Player Stats 2025,13th in Big 12
113,1,1,100.0,0,0,0.0,0-0,0-0,0-0,0-0,0-0,0,1,UCFKnights,UCF Knights Player Stats 2025,13th in Big 12,Noah McGoughPK,UCFKnights,UCF Knights Player Stats 2025,13th in Big 12
114,33,34,97.1,15,17,88.2,0-0,1-1,7-7,4-5,3-4,54,78,UCFKnights,UCF Knights Player Stats 2025,13th in Big 12,Total,UCFKnights,UCF Knights Player Stats 2025,13th in Big 12
115,31,32,96.9,10,12,83.3,0-0,5-5,2-2,2-4,1-1,50,61,West VirginiaMountaineers,West Virginia Mountaineers Player Stats 2025,13th in Big 12,Kade HensleyPK,West VirginiaMountaineers,West Virginia Mountaineers Player Stats 2025,13th in Big 12
116,31,32,96.9,10,12,83.3,0-0,5-5,2-2,2-4,1-1,50,61,West VirginiaMountaineers,West Virginia Mountaineers Player Stats 2025,13th in Big 12,Total,West VirginiaMountaineers,West Virginia Mountaineers Player Stats 2025,13th in Big 12
117,30,31,96.8,9,11,81.8,0-0,5-5,3-5,1-1,0-0,42,57,ColoradoBuffaloes,Colorado Buffaloes Player Stats 2025,15th in Big 12,Alejandro MataPK,ColoradoBuffaloes,Colorado Buffaloes Player Stats 2025,15th in Big 12
118,30,31,96.8,9,12,75.0,0-0,5-5,3-5,1-1,0-1,42,57,ColoradoBuffaloes,Colorado Buffaloes Player Stats 2025,15th in Big 12,Total,ColoradoBuffaloes,Colorado Buffaloes Player Stats 2025,15th in Big 12
119,17,17,100.0,15,20,75.0,0-1,2-2,5-5,8-10,0-2,49,62,Oklahoma StateCowboys,Oklahoma State Cowboys Player Stats 2025,16th in Big 12,Logan WardPK,Oklahoma StateCowboys,Oklahoma State Cowboys Player Stats 2025,16th in Big 12
120,17,17,100.0,15,20,75.0,0-1,2-2,5-5,8-10,0-2,49,62,Oklahoma StateCowboys,Oklahoma State Cowboys Player Stats 2025,16th in Big 12,Total,Oklahoma StateCowboys,Oklahoma State Cowboys Player Stats 2025,16th in Big 12
121,87,87,100.0,18,19,94.7,0-0,7-7,7-8,4-4,0-0,46,141,IndianaHoosiers,Indiana Hoosiers Player Stats 2025,1st in Big Ten,Nico RadicicPK,IndianaHoosiers,Indiana Hoosiers Player Stats 2025,1st in Big Ten
122,0,0,0.0,1,2,50.0,0-0,0-0,0-0,0-0,1-2,58,3,IndianaHoosiers,Indiana Hoosiers Player Stats 2025,1st in Big Ten,Brendan FrankePK,IndianaHoosiers,Indiana Hoosiers Player Stats 2025,1st in Big Ten
123,87,87,100.0,19,22,86.4,0-0,7-7,7-8,4-4,1-2,58,144,IndianaHoosiers,Indiana Hoosiers Player Stats 2025,1st in Big Ten,Total,IndianaHoosiers,Indiana Hoosiers Player Stats 2025,1st in Big Ten
124,56,56,100.0,16,20,80.0,0-0,6-7,7-8,3-4,0-1,49,104,Ohio StateBuckeyes,Ohio State Buckeyes Player Stats 2025,1st in Big Ten,Jayden FieldingPK,Ohio StateBuckeyes,Ohio State Buckeyes Player Stats 2025,1st in Big Ten
125,4,4,100.0,0,0,0.0,0-0,0-0,0-0,0-0,0-0,0,4,Ohio StateBuckeyes,Ohio State Buckeyes Player Stats 2025,1st in Big Ten,Jackson CourvillePK,Ohio StateBuckeyes,Ohio State Buckeyes Player Stats 2025,1st in Big Ten
126,60,60,100.0,16,20,80.0,0-0,6-7,7-8,3-4,0-1,49,108,Ohio StateBuckeyes,Ohio State Buckeyes Player Stats 2025,1st in Big Ten,Total,Ohio StateBuckeyes,Ohio State Buckeyes Player Stats 2025,1st in Big Ten
127,51,51,100.0,19,24,79.2,0-0,4-4,5-7,8-9,2-4,51,108,OregonDucks,Oregon Ducks Player Stats 2025,3rd in Big Ten,Atticus SappingtonPK,OregonDucks,Oregon Ducks Player Stats 2025,3rd in Big Ten
128,16,16,100.0,0,1,0.0,0-0,0-0,0-0,0-1,0-0,0,16,OregonDucks,Oregon Ducks Player Stats 2025,3rd in Big Ten,Gage HurychPK,OregonDucks,Oregon Ducks Player Stats 2025,3rd in Big Ten
129,67,67,100.0,19,25,76.0,0-0,4-4,5-7,8-10,2-4,51,124,OregonDucks,Oregon Ducks Player Stats 2025,3rd in Big Ten,Total,OregonDucks,Oregon Ducks Player Stats 2025,3rd in Big Ten
130,48,48,100.0,21,25,84.0,1-1,10-11,2-5,7-7,1-1,54,111,USCTrojans,USC Trojans Player Stats 2025,4th in Big Ten,Ryon SayeriP,USCTrojans,USC Trojans Player Stats 2025,4th in Big Ten
131,2,2,100.0,0,0,0.0,0-0,0-0,0-0,0-0,0-0,0,2,USCTrojans,USC Trojans Player Stats 2025,4th in Big Ten,William WeisbergP,USCTrojans,USC Trojans Player Stats 2025,4th in Big Ten
132,50,50,100.0,21,25,84.0,1-1,10-11,2-5,7-7,1-1,54,113,USCTrojans,USC Trojans Player Stats 2025,4th in Big Ten,Total,USCTrojans,USC Trojans Player Stats 2025,4th in Big Ten
133,43,43,100.0,17,25,68.0,0-0,5-6,4-7,6-9,2-3,56,94,MichiganWolverines,Michigan Wolverines Player Stats 2025,4th in Big Ten,Dominic ZvadaPK,MichiganWolverines,Michigan Wolverines Player Stats 2025,4th in Big Ten
134,43,43,100.0,17,25,68.0,0-0,5-6,4-7,6-9,2-3,56,94,MichiganWolverines,Michigan Wolverines Player Stats 2025,4th in Big Ten,Total,MichiganWolverines,Michigan Wolverines Player Stats 2025,4th in Big Ten
135,41,42,97.6,22,28,78.6,0-0,5-5,6-7,7-10,4-6,58,107,IowaHawkeyes,Iowa Hawkeyes Player Stats 2025,6th in Big Ten,Drew StevensPK,IowaHawkeyes,Iowa Hawkeyes Player Stats 2025,6th in Big Ten
136,41,42,97.6,22,27,81.5,0-0,5-5,6-7,7-10,4-5,58,107,IowaHawkeyes,Iowa Hawkeyes Player Stats 2025,6th in Big Ten,Total,IowaHawkeyes,Iowa Hawkeyes Player Stats 2025,6th in Big Ten
137,59,59,100.0,10,13,76.9,0-0,4-4,4-6,1-1,1-2,51,89,WashingtonHuskies,Washington Huskies Player Stats 2025,7th in Big Ten,Grady GrossPK,WashingtonHuskies,Washington Huskies Player Stats 2025,7th in Big Ten
138,59,59,100.0,10,13,76.9,0-0,4-4,4-6,1-1,1-2,51,89,WashingtonHuskies,Washington Huskies Player Stats 2025,7th in Big Ten,Total,WashingtonHuskies,Washington Huskies Player Stats 2025,7th in Big Ten
139,44,44,100.0,20,23,87.0,0-0,6-7,7-8,7-8,0-0,47,104,IllinoisFighting Illini,Illinois Fighting Illini Player Stats 2025,7th in Big Ten,David OlanoPK,IllinoisFighting Illini,Illinois Fighting Illini Player Stats 2025,7th in Big Ten
140,44,44,100.0,20,23,87.0,0-0,6-7,7-8,7-8,0-0,47,104,IllinoisFighting Illini,Illinois Fighting Illini Player Stats 2025,7th in Big Ten,Total,IllinoisFighting Illini,Illinois Fighting Illini Player Stats 2025,7th in Big Ten
141,33,33,100.0,14,21,66.7,0-0,7-7,5-7,2-5,0-2,46,75,MinnesotaGolden Gophers,Minnesota Golden Gophers Player Stats 2025,7th in Big Ten,Brady DenaburgPK,MinnesotaGolden Gophers,Minnesota Golden Gophers Player Stats 2025,7th in Big Ten
142,2,2,100.0,0,0,0.0,0-0,0-0,0-0,0-0,0-0,0,2,MinnesotaGolden Gophers,Minnesota Golden Gophers Player Stats 2025,7th in Big Ten,Daniel JacksonPK,MinnesotaGolden Gophers,Minnesota Golden Gophers Player Stats 2025,7th in Big Ten
143,35,35,100.0,14,21,66.7,0-0,7-7,5-7,2-5,0-2,46,77,MinnesotaGolden Gophers,Minnesota Golden Gophers Player Stats 2025,7th in Big Ten,Total,MinnesotaGolden Gophers,Minnesota Golden Gophers Player Stats 2025,7th in Big Ten
144,45,45,100.0,16,19,84.2,0-0,5-5,9-9,1-3,1-2,52,93,NebraskaCornhuskers,Nebraska Cornhuskers Player Stats 2025,10th in Big Ten,Kyle CunananPK,NebraskaCornhuskers,Nebraska Cornhuskers Player Stats 2025,10th in Big Ten
145,45,45,100.0,16,19,84.2,0-0,5-5,9-9,1-3,1-2,52,93,NebraskaCornhuskers,Nebraska Cornhuskers Player Stats 2025,10th in Big Ten,Total,NebraskaCornhuskers,Nebraska Cornhuskers Player Stats 2025,10th in Big Ten
146,24,25,96.0,19,21,90.5,0-0,5-7,12-12,2-2,0-0,41,81,NorthwesternWildcats,Northwestern Wildcats Player Stats 2025,10th in Big Ten,Jack OlsenPK,NorthwesternWildcats,Northwestern Wildcats Player Stats 2025,10th in Big Ten
147,2,2,100.0,3,3,100.0,0-0,2-2,1-1,0-0,0-0,35,11,NorthwesternWildcats,Northwestern Wildcats Player Stats 2025,10th in Big Ten,Luke AkersP,NorthwesternWildcats,Northwestern Wildcats Player Stats 2025,10th in Big Ten
148,26,27,96.3,22,24,91.7,0-0,7-9,13-13,2-2,0-0,41,92,NorthwesternWildcats,Northwestern Wildcats Player Stats 2025,10th in Big Ten,Total,NorthwesternWildcats,Northwestern Wildcats Player Stats 2025,10th in Big Ten
149,13,14,92.9,8,13,61.5,0-0,0-0,0-0,0-0,0-0,0,37,UCLABruins,UCLA Bruins Player Stats 2025,12th in Big Ten,James BozekPK,UCLABruins,UCLA Bruins Player Stats 2025,12th in Big Ten
150,5,7,71.4,1,1,100.0,0-0,0-0,0-0,0-0,0-0,0,8,UCLABruins,UCLA Bruins Player Stats 2025,12th in Big Ten,Steven SadekPK,UCLABruins,UCLA Bruins Player Stats 2025,12th in Big Ten
151,22,22,100.0,16,20,80.0,0-0,4-4,6-7,4-5,2-4,54,70,UCLABruins,UCLA Bruins Player Stats 2025,12th in Big Ten,Total,UCLABruins,UCLA Bruins Player Stats 2025,12th in Big Ten
152,44,45,97.8,18,19,94.7,0-0,6-6,6-6,6-6,0-1,49,98,Penn StateNittany Lions,Penn State Nittany Lions Player Stats 2025,12th in Big Ten,Ryan BarkerPK,Penn StateNittany Lions,Penn State Nittany Lions Player Stats 2025,12th in Big Ten
153,1,1,100.0,0,0,0.0,0-0,0-0,0-0,0-0,0-0,0,1,Penn StateNittany Lions,Penn State Nittany Lions Player Stats 2025,12th in Big Ten,Matthew ParkerPK,Penn StateNittany Lions,Penn State Nittany Lions Player Stats 2025,12th in Big Ten
154,45,46,97.8,18,19,94.7,0-0,6-6,6-6,6-6,0-1,49,99,Penn StateNittany Lions,Penn State Nittany Lions Player Stats 2025,12th in Big Ten,Total,Penn StateNittany Lions,Penn State Nittany Lions Player Stats 2025,12th in Big Ten
155,37,39,94.9,13,18,72.2,0-0,4-6,5-6,3-5,1-1,51,76,RutgersScarlet Knights,Rutgers Scarlet Knights Player Stats 2025,14th in Big Ten,Jai PatelPK,RutgersScarlet Knights,Rutgers Scarlet Knights Player Stats 2025,14th in Big Ten
156,2,2,100.0,0,1,0.0,0-0,0-0,0-0,0-0,0-1,0,2,RutgersScarlet Knights,Rutgers Scarlet Knights Player Stats 2025,14th in Big Ten,Dane PizzaroPK,RutgersScarlet Knights,Rutgers Scarlet Knights Player Stats 2025,14th in Big Ten
157,39,39,100.0,13,19,68.4,0-0,4-6,5-6,3-5,1-2,51,78,RutgersScarlet Knights,Rutgers Scarlet Knights Player Stats 2025,14th in Big Ten,Total,RutgersScarlet Knights,Rutgers Scarlet Knights Player Stats 2025,14th in Big Ten
158,19,19,100.0,7,11,63.6,0-0,0-0,4-5,3-5,0-1,47,40,WisconsinBadgers,Wisconsin Badgers Player Stats 2025,14th in Big Ten,Nathanial VakosPK,WisconsinBadgers,Wisconsin Badgers Player Stats 2025,14th in Big Ten
159,19,19,100.0,7,11,63.6,0-0,0-0,4-5,3-5,0-1,47,40,WisconsinBadgers,Wisconsin Badgers Player Stats 2025,14th in Big Ten,Total,WisconsinBadgers,Wisconsin Badgers Player Stats 2025,14th in Big Ten
160,27,28,96.4,12,16,75.0,0-0,6-7,5-5,0-1,1-3,50,63,Michigan StateSpartans,Michigan State Spartans Player Stats 2025,16th in Big Ten,Martin ConningtonPK,Michigan StateSpartans,Michigan State Spartans Player Stats 2025,16th in Big Ten
161,6,6,100.0,0,0,0.0,0-0,0-0,0-0,0-0,0-0,0,6,Michigan StateSpartans,Michigan State Spartans Player Stats 2025,16th in Big Ten,Blake SisloPK,Michigan StateSpartans,Michigan State Spartans Player Stats 2025,16th in Big Ten
162,33,34,97.1,12,17,70.6,0-0,6-7,5-5,0-2,1-3,50,69,Michigan StateSpartans,Michigan State Spartans Player Stats 2025,16th in Big Ten,Total,Michigan StateSpartans,Michigan State Spartans Player Stats 2025,16th in Big Ten
163,29,29,100.0,21,24,87.5,0-0,11-12,5-6,5-5,0-1,49,92,MarylandTerrapins,Maryland Terrapins Player Stats 2025,16th in Big Ten,Sean O'HairePK,MarylandTerrapins,Maryland Terrapins Player Stats 2025,16th in Big Ten
164,2,2,100.0,0,0,0.0,0-0,0-0,0-0,0-0,0-0,0,2,MarylandTerrapins,Maryland Terrapins Player Stats 2025,16th in Big Ten,Ryan CapriottiPK,MarylandTerrapins,Maryland Terrapins Player Stats 2025,16th in Big Ten
165,31,31,100.0,21,24,87.5,0-0,11-12,5-6,5-5,0-1,49,94,MarylandTerrapins,Maryland Terrapins Player Stats 2025,16th in Big Ten,Total,MarylandTerrapins,Maryland Terrapins Player Stats 2025,16th in Big Ten
166,24,24,100.0,15,17,88.2,0-0,6-6,3-3,4-5,2-3,53,69,PurdueBoilermakers,Purdue Boilermakers Player Stats 2025,18th in Big Ten,Spencer PorathPK,PurdueBoilermakers,Purdue Boilermakers Player Stats 2025,18th in Big Ten
167,24,24,100.0,15,17,88.2,0-0,6-6,3-3,4-5,2-3,53,69,PurdueBoilermakers,Purdue Boilermakers Player Stats 2025,18th in Big Ten,Total,PurdueBoilermakers,Purdue Boilermakers Player Stats 2025,18th in Big Ten
168,38,40,95.0,7,13,53.8,0-0,0-1,5-7,2-5,0-0,44,59,Kennesaw StateOwls,Kennesaw State Owls Player Stats 2025,1st in CUSA,Britton WilliamsPK,Kennesaw StateOwls,Kennesaw State Owls Player Stats 2025,1st in CUSA
169,5,6,83.3,6,7,85.7,0-0,4-5,0-0,1-1,1-1,50,23,Kennesaw StateOwls,Kennesaw State Owls Player Stats 2025,1st in CUSA,Daniel KinneyPK,Kennesaw StateOwls,Kennesaw State Owls Player Stats 2025,1st in CUSA
170,43,45,95.6,13,20,65.0,0-0,4-6,5-7,3-6,1-1,50,82,Kennesaw StateOwls,Kennesaw State Owls Player Stats 2025,1st in CUSA,Total,Kennesaw StateOwls,Kennesaw State Owls Player Stats 2025,1st in CUSA
171,40,40,100.0,21,28,75.0,0-0,7-7,7-11,3-5,4-5,52,103,Jacksonville StateGamecocks,Jacksonville State Gamecocks Player Stats 2025,1st in CUSA,Garrison RippaPK,Jacksonville StateGamecocks,Jacksonville State Gamecocks Player Stats 2025,1st in CUSA
172,1,1,100.0,0,0,0.0,0-0,0-0,0-0,0-0,0-0,0,1,Jacksonville StateGamecocks,Jacksonville State Gamecocks Player Stats 2025,1st in CUSA,Conor DonaghyP,Jacksonville StateGamecocks,Jacksonville State Gamecocks Player Stats 2025,1st in CUSA
173,41,41,100.0,21,28,75.0,0-0,7-7,7-11,3-5,4-5,52,104,Jacksonville StateGamecocks,Jacksonville State Gamecocks Player Stats 2025,1st in CUSA,Total,Jacksonville StateGamecocks,Jacksonville State Gamecocks Player Stats 2025,1st in CUSA
174,46,46,100.0,15,19,78.9,1-1,2-3,3-4,9-10,0-1,49,91,Western KentuckyHilltoppers,Western Kentucky Hilltoppers Player Stats 2025,3rd in CUSA,John CannonPK,Western KentuckyHilltoppers,Western Kentucky Hilltoppers Player Stats 2025,3rd in CUSA
175,0,0,0.0,3,3,100.0,0-0,0-0,0-0,1-1,2-2,55,9,Western KentuckyHilltoppers,Western Kentucky Hilltoppers Player Stats 2025,3rd in CUSA,Jack CassidyPK,Western KentuckyHilltoppers,Western Kentucky Hilltoppers Player Stats 2025,3rd in CUSA
176,46,46,100.0,18,22,81.8,1-1,2-3,3-4,10-11,2-3,55,100,Western KentuckyHilltoppers,Western Kentucky Hilltoppers Player Stats 2025,3rd in CUSA,Total,Western KentuckyHilltoppers,Western Kentucky Hilltoppers Player Stats 2025,3rd in CUSA
177,27,29,93.1,6,11,54.5,1-1,2-2,2-3,0-4,1-1,51,45,Louisiana TechBulldogs,Louisiana Tech Bulldogs Player Stats 2025,4th in CUSA,Drew HendersonPK,Louisiana TechBulldogs,Louisiana Tech Bulldogs Player Stats 2025,4th in CUSA
178,3,3,100.0,4,7,57.1,0-0,2-2,0-0,0-1,2-4,55,15,Louisiana TechBulldogs,Louisiana Tech Bulldogs Player Stats 2025,4th in CUSA,John Hoyet ChanceP,Louisiana TechBulldogs,Louisiana Tech Bulldogs Player Stats 2025,4th in CUSA
179,9,9,100.0,2,2,100.0,0-0,0-0,1-1,1-1,0-0,42,15,Louisiana TechBulldogs,Louisiana Tech Bulldogs Player Stats 2025,4th in CUSA,Kaegan KentPK,Louisiana TechBulldogs,Louisiana Tech Bulldogs Player Stats 2025,4th in CUSA
180,39,41,95.1,12,20,60.0,1-1,4-4,3-4,1-6,3-5,55,75,Louisiana TechBulldogs,Louisiana Tech Bulldogs Player Stats 2025,4th in CUSA,Total,Louisiana TechBulldogs,Louisiana Tech Bulldogs Player Stats 2025,4th in CUSA
181,37,38,97.4,14,22,63.6,1-1,4-4,3-4,6-10,0-3,49,79,Missouri StateBears,Missouri State Bears Player Stats 2025,4th in CUSA,Yousef ObeidPK,Missouri StateBears,Missouri State Bears Player Stats 2025,4th in CUSA
182,37,38,97.4,14,22,63.6,1-1,4-4,3-4,6-10,0-3,49,79,Missouri StateBears,Missouri State Bears Player Stats 2025,4th in CUSA,Total,Missouri StateBears,Missouri State Bears Player Stats 2025,4th in CUSA
183,27,27,100.0,14,18,77.8,0-0,5-6,5-6,3-4,1-2,51,69,Florida InternationalPanthers,Florida International Panthers Player Stats 2025,4th in CUSA,Noah GrantPK,Florida InternationalPanthers,Florida International Panthers Player Stats 2025,4th in CUSA
184,12,12,100.0,2,3,66.7,0-0,0-0,2-2,0-1,0-0,39,18,Florida InternationalPanthers,Florida International Panthers Player Stats 2025,4th in CUSA,Robert CzeremchaPK,Florida InternationalPanthers,Florida International Panthers Player Stats 2025,4th in CUSA
185,39,39,100.0,16,21,76.2,0-0,5-6,7-8,3-5,1-2,51,87,Florida InternationalPanthers,Florida International Panthers Player Stats 2025,4th in CUSA,Total,Florida InternationalPanthers,Florida International Panthers Player Stats 2025,4th in CUSA
186,39,39,100.0,18,24,75.0,0-0,7-8,4-5,6-9,1-2,51,93,DelawareBlue Hens,Delaware Blue Hens Player Stats 2025,7th in CUSA,Nate ReedPK,DelawareBlue Hens,Delaware Blue Hens Player Stats 2025,7th in CUSA
187,39,39,100.0,18,24,75.0,0-0,7-8,4-5,6-9,1-2,51,93,DelawareBlue Hens,Delaware Blue Hens Player Stats 2025,7th in CUSA,Total,DelawareBlue Hens,Delaware Blue Hens Player Stats 2025,7th in CUSA
188,33,33,100.0,15,20,75.0,0-0,5-6,5-7,4-6,1-1,50,78,LibertyFlames,Liberty Flames Player Stats 2025,8th in CUSA,Jay BillingsleyPK,LibertyFlames,Liberty Flames Player Stats 2025,8th in CUSA
189,2,2,100.0,1,2,50.0,0-0,0-0,1-2,0-0,0-0,32,5,LibertyFlames,Liberty Flames Player Stats 2025,8th in CUSA,Brayden BeckPK,LibertyFlames,Liberty Flames Player Stats 2025,8th in CUSA
190,35,35,100.0,16,22,72.7,0-0,5-6,6-9,4-6,1-1,50,83,LibertyFlames,Liberty Flames Player Stats 2025,8th in CUSA,Total,LibertyFlames,Liberty Flames Player Stats 2025,8th in CUSA
191,27,27,100.0,11,14,78.6,0-0,5-5,2-3,3-4,1-2,50,60,Middle TennesseeBlue Raiders,Middle Tennessee Blue Raiders Player Stats 2025,9th in CUSA,Jacob HathawayPK,Middle TennesseeBlue Raiders,Middle Tennessee Blue Raiders Player Stats 2025,9th in CUSA
192,1,1,100.0,0,0,0.0,0-0,0-0,0-0,0-0,0-0,0,1,Middle TennesseeBlue Raiders,Middle Tennessee Blue Raiders Player Stats 2025,9th in CUSA,Zach BenedictPK,Middle TennesseeBlue Raiders,Middle Tennessee Blue Raiders Player Stats 2025,9th in CUSA
193,28,28,100.0,11,14,78.6,0-0,5-5,2-3,3-4,1-2,50,61,Middle TennesseeBlue Raiders,Middle Tennessee Blue Raiders Player Stats 2025,9th in CUSA,Total,Middle TennesseeBlue Raiders,Middle Tennessee Blue Raiders Player Stats 2025,9th in CUSA
194,22,23,95.7,16,22,72.7,0-0,6-6,5-5,4-7,1-4,50,70,New Mexico StateAggies,New Mexico State Aggies Player Stats 2025,9th in CUSA,Ryan HawkPK,New Mexico StateAggies,New Mexico State Aggies Player Stats 2025,9th in CUSA
195,4,5,80.0,3,3,100.0,0-0,1-1,1-1,1-1,0-0,46,13,New Mexico StateAggies,New Mexico State Aggies Player Stats 2025,9th in CUSA,David BarkerPK,New Mexico StateAggies,New Mexico State Aggies Player Stats 2025,9th in CUSA
196,26,27,96.3,19,25,76.0,0-0,7-7,6-6,5-8,1-4,50,83,New Mexico StateAggies,New Mexico State Aggies Player Stats 2025,9th in CUSA,Total,New Mexico StateAggies,New Mexico State Aggies Player Stats 2025,9th in CUSA
197,0,0,0.0,6,8,75.0,0-0,4-4,2-2,0-2,0-0,38,18,UTEPMiners,UTEP Miners Player Stats 2025,,Tanner CragunPK,UTEPMiners,UTEP Miners Player Stats 2025,
198,27,28,96.4,3,6,50.0,0-0,1-1,1-1,1-3,0-1,42,36,UTEPMiners,UTEP Miners Player Stats 2025,,Carlos ArreolaPK,UTEPMiners,UTEP Miners Player Stats 2025,
199,27,27,100.0,9,14,64.3,0-0,5-5,3-3,1-5,0-1,42,54,UTEPMiners,UTEP Miners Player Stats 2025,,Total,UTEPMiners,UTEP Miners Player Stats 2025,
200,16,16,100.0,8,12,66.7,0-0,2-4,3-3,2-4,1-1,51,40,Sam HoustonBearkats,Sam Houston Bearkats Player Stats 2025,11th in CUSA,Christian PavonPK,Sam HoustonBearkats,Sam Houston Bearkats Player Stats 2025,11th in CUSA
201,6,6,100.0,3,6,50.0,0-0,2-2,0-1,1-2,0-1,40,15,Sam HoustonBearkats,Sam Houston Bearkats Player Stats 2025,11th in CUSA,RJ LopezPK,Sam HoustonBearkats,Sam Houston Bearkats Player Stats 2025,11th in CUSA
202,22,22,100.0,11,18,61.1,0-0,4-6,3-4,3-6,1-2,51,55,Sam HoustonBearkats,Sam Houston Bearkats Player Stats 2025,11th in CUSA,Total,Sam HoustonBearkats,Sam Houston Bearkats Player Stats 2025,11th in CUSA
203,20,22,90.9,5,6,83.3,0-0,1-1,3-4,1-1,0-0,48,35,Notre DameFighting Irish,Notre Dame Fighting Irish Player Stats 2025,,Noah BurnettePK,Notre DameFighting Irish,Notre Dame Fighting Irish Player Stats 2025,
204,2,3,66.7,0,0,0.0,0-0,0-0,0-0,0-0,0-0,0,2,Notre DameFighting Irish,Notre Dame Fighting Irish Player Stats 2025,,Marcello DiomedePK,Notre DameFighting Irish,Notre Dame Fighting Irish Player Stats 2025,
205,41,42,97.6,0,3,0.0,0-0,0-0,0-2,0-1,0-0,0,41,Notre DameFighting Irish,Notre Dame Fighting Irish Player Stats 2025,,Erik SchmidtPK,Notre DameFighting Irish,Notre Dame Fighting Irish Player Stats 2025,
206,63,67,94.0,5,9,55.6,0-0,1-1,3-6,1-2,0-0,48,78,Notre DameFighting Irish,Notre Dame Fighting Irish Player Stats 2025,,Total,Notre DameFighting Irish,Notre Dame Fighting Irish Player Stats 2025,
207,52,52,100.0,23,26,88.5,0-0,8-8,5-6,9-11,1-1,50,121,UConnHuskies,UConn Huskies Player Stats 2025,,Chris FreemanPK,UConnHuskies,UConn Huskies Player Stats 2025,
208,52,52,100.0,23,26,88.5,0-0,8-8,5-6,9-11,1-1,50,121,UConnHuskies,UConn Huskies Player Stats 2025,,Total,UConnHuskies,UConn Huskies Player Stats 2025,
209,40,42,95.2,13,19,68.4,0-0,2-3,1-3,9-12,1-1,50,79,Western MichiganBroncos,Western Michigan Broncos Player Stats 2025,1st in MAC,Palmer DomschkePK,Western MichiganBroncos,Western Michigan Broncos Player Stats 2025,1st in MAC
210,0,0,0.0,1,2,50.0,0-0,1-1,0-0,0-1,0-0,21,3,Western MichiganBroncos,Western Michigan Broncos Player Stats 2025,1st in MAC,Hunter SmithPK,Western MichiganBroncos,Western Michigan Broncos Player Stats 2025,1st in MAC
211,40,42,95.2,14,21,66.7,0-0,3-4,1-3,9-13,1-1,50,82,Western MichiganBroncos,Western Michigan Broncos Player Stats 2025,1st in MAC,Total,Western MichiganBroncos,Western Michigan Broncos Player Stats 2025,1st in MAC
212,26,29,89.7,4,6,66.7,0-0,0-0,3-4,1-2,0-0,45,38,OhioBobcats,Ohio Bobcats Player Stats 2025,2nd in MAC,David DellenbachPK,OhioBobcats,Ohio Bobcats Player Stats 2025,2nd in MAC
213,16,18,88.9,3,6,50.0,0-0,0-0,2-5,1-1,0-0,44,25,OhioBobcats,Ohio Bobcats Player Stats 2025,2nd in MAC,Brack PeacockPK,OhioBobcats,Ohio Bobcats Player Stats 2025,2nd in MAC
214,42,47,89.4,7,12,58.3,0-0,0-0,5-9,2-3,0-0,45,63,OhioBobcats,Ohio Bobcats Player Stats 2025,2nd in MAC,Total,OhioBobcats,Ohio Bobcats Player Stats 2025,2nd in MAC
215,48,48,100.0,8,11,72.7,0-0,3-4,3-3,2-3,0-1,46,72,ToledoRockets,Toledo Rockets Player Stats 2025,2nd in MAC,Dylan CunananPK,ToledoRockets,Toledo Rockets Player Stats 2025,2nd in MAC
216,0,0,0.0,2,3,66.7,0-0,0-0,0-0,1-2,1-1,50,6,ToledoRockets,Toledo Rockets Player Stats 2025,2nd in MAC,Robert Hammond IIIPK,ToledoRockets,Toledo Rockets Player Stats 2025,2nd in MAC
217,1,1,100.0,0,0,0.0,0-0,0-0,0-0,0-0,0-0,0,1,ToledoRockets,Toledo Rockets Player Stats 2025,2nd in MAC,Anthony RugglesPK,ToledoRockets,Toledo Rockets Player Stats 2025,2nd in MAC
218,49,49,100.0,10,14,71.4,0-0,3-4,3-3,3-5,1-2,50,79,ToledoRockets,Toledo Rockets Player Stats 2025,2nd in MAC,Total,ToledoRockets,Toledo Rockets Player Stats 2025,2nd in MAC
219,34,35,97.1,20,23,87.0,0-0,5-6,4-4,10-10,1-3,51,94,Miami (OH)RedHawks,Miami (OH) RedHawks Player Stats 2025,2nd in MAC,Dom DziobanPK,Miami (OH)RedHawks,Miami (OH) RedHawks Player Stats 2025,2nd in MAC
220,1,1,100.0,0,0,0.0,0-0,0-0,0-0,0-0,0-0,0,1,Miami (OH)RedHawks,Miami (OH) RedHawks Player Stats 2025,2nd in MAC,Kellan McLaughlinPK,Miami (OH)RedHawks,Miami (OH) RedHawks Player Stats 2025,2nd in MAC
221,35,36,97.2,20,23,87.0,0-0,5-6,4-4,10-10,1-3,51,95,Miami (OH)RedHawks,Miami (OH) RedHawks Player Stats 2025,2nd in MAC,Total,Miami (OH)RedHawks,Miami (OH) RedHawks Player Stats 2025,2nd in MAC
222,35,35,100.0,14,17,82.4,0-0,6-6,4-5,4-5,0-1,47,77,Central MichiganChippewas,Central Michigan Chippewas Player Stats 2025,5th in MAC,Cade GrahamPK,Central MichiganChippewas,Central Michigan Chippewas Player Stats 2025,5th in MAC
223,35,35,100.0,14,17,82.4,0-0,6-6,4-5,4-5,0-1,47,77,Central MichiganChippewas,Central Michigan Chippewas Player Stats 2025,5th in MAC,Total,Central MichiganChippewas,Central Michigan Chippewas Player Stats 2025,5th in MAC
224,16,17,94.1,12,13,92.3,1-1,4-4,3-3,4-5,0-0,48,52,AkronZips,Akron Zips Player Stats 2025,6th in MAC,Matthew SchrammPK,AkronZips,Akron Zips Player Stats 2025,6th in MAC
225,11,11,100.0,4,10,40.0,0-0,2-2,2-4,0-4,0-0,39,23,AkronZips,Akron Zips Player Stats 2025,6th in MAC,Owen WileyPK,AkronZips,Akron Zips Player Stats 2025,6th in MAC
226,27,28,96.4,16,23,69.6,1-1,6-6,5-7,4-9,0-0,48,75,AkronZips,Akron Zips Player Stats 2025,6th in MAC,Total,AkronZips,Akron Zips Player Stats 2025,6th in MAC
227,30,30,100.0,14,17,82.4,0-0,5-5,5-6,3-5,1-1,50,72,BuffaloBulls,Buffalo Bulls Player Stats 2025,6th in MAC,Jack HowesPK,BuffaloBulls,Buffalo Bulls Player Stats 2025,6th in MAC
228,30,30,100.0,14,17,82.4,0-0,5-5,5-6,3-5,1-1,50,72,BuffaloBulls,Buffalo Bulls Player Stats 2025,6th in MAC,Total,BuffaloBulls,Buffalo Bulls Player Stats 2025,6th in MAC
229,31,31,100.0,8,11,72.7,0-0,2-3,6-7,0-1,0-0,39,55,Kent StateGolden Flashes,Kent State Golden Flashes Player Stats 2025,6th in MAC,Will HryszkoPK,Kent StateGolden Flashes,Kent State Golden Flashes Player Stats 2025,6th in MAC
230,31,31,100.0,8,11,72.7,0-0,2-3,6-7,0-1,0-0,39,55,Kent StateGolden Flashes,Kent State Golden Flashes Player Stats 2025,6th in MAC,Total,Kent StateGolden Flashes,Kent State Golden Flashes Player Stats 2025,6th in MAC
231,28,28,100.0,17,23,73.9,0-0,3-3,6-6,7-11,1-3,50,79,Eastern MichiganEagles,Eastern Michigan Eagles Player Stats 2025,9th in MAC,Rudy KessingerPK,Eastern MichiganEagles,Eastern Michigan Eagles Player Stats 2025,9th in MAC
232,28,28,100.0,17,23,73.9,0-0,3-3,6-6,7-11,1-3,50,79,Eastern MichiganEagles,Eastern Michigan Eagles Player Stats 2025,9th in MAC,Total,Eastern MichiganEagles,Eastern Michigan Eagles Player Stats 2025,9th in MAC
233,5,6,83.3,6,9,66.7,0-0,2-2,1-1,3-4,0-2,47,23,Ball StateCardinals,Ball State Cardinals Player Stats 2025,9th in MAC,DC PippinPK,Ball StateCardinals,Ball State Cardinals Player Stats 2025,9th in MAC
234,14,14,100.0,3,7,42.9,0-0,3-4,0-0,0-2,0-1,23,23,Ball StateCardinals,Ball State Cardinals Player Stats 2025,9th in MAC,Carson HolmerPK,Ball StateCardinals,Ball State Cardinals Player Stats 2025,9th in MAC
235,19,20,95.0,9,16,56.3,0-0,5-6,1-1,3-6,0-3,47,46,Ball StateCardinals,Ball State Cardinals Player Stats 2025,9th in MAC,Total,Ball StateCardinals,Ball State Cardinals Player Stats 2025,9th in MAC
236,26,26,100.0,19,22,86.4,0-0,5-5,6-6,5-6,3-5,56,83,Bowling GreenFalcons,Bowling Green Falcons Player Stats 2025,11th in MAC,Jackson KleatherPK,Bowling GreenFalcons,Bowling Green Falcons Player Stats 2025,11th in MAC
237,1,1,100.0,0,0,0.0,0-0,0-0,0-0,0-0,0-0,0,1,Bowling GreenFalcons,Bowling Green Falcons Player Stats 2025,11th in MAC,Travis KennerPK,Bowling GreenFalcons,Bowling Green Falcons Player Stats 2025,11th in MAC
238,27,27,100.0,19,22,86.4,0-0,5-5,6-6,5-6,3-5,56,84,Bowling GreenFalcons,Bowling Green Falcons Player Stats 2025,11th in MAC,Total,Bowling GreenFalcons,Bowling Green Falcons Player Stats 2025,11th in MAC
239,20,21,95.2,11,14,78.6,0-0,2-2,7-7,1-3,1-2,50,53,Northern IllinoisHuskies,Northern Illinois Huskies Player Stats 2025,,Andrew GlassPK,Northern IllinoisHuskies,Northern Illinois Huskies Player Stats 2025,
240,20,21,95.2,11,14,78.6,0-0,2-2,7-7,1-3,1-2,50,53,Northern IllinoisHuskies,Northern Illinois Huskies Player Stats 2025,,Total,Northern IllinoisHuskies,Northern Illinois Huskies Player Stats 2025,
241,13,15,86.7,10,16,62.5,0-0,2-2,3-4,2-5,3-5,55,43,MassachusettsMinutemen,Massachusetts Minutemen Player Stats 2025,13th in MAC,Derek MorrisPK,MassachusettsMinutemen,Massachusetts Minutemen Player Stats 2025,13th in MAC
242,13,15,86.7,10,16,62.5,0-0,2-2,3-4,2-5,3-5,55,43,MassachusettsMinutemen,Massachusetts Minutemen Player Stats 2025,13th in MAC,Total,MassachusettsMinutemen,Massachusetts Minutemen Player Stats 2025,13th in MAC
243,46,47,97.9,11,15,73.3,0-0,5-5,2-2,1-5,3-3,52,79,Boise StateBroncos,Boise State Broncos Player Stats 2025,,Colton BoomerPK,Boise StateBroncos,Boise State Broncos Player Stats 2025,
244,4,4,100.0,1,2,50.0,0-0,0-1,1-1,0-0,0-0,35,7,Boise StateBroncos,Boise State Broncos Player Stats 2025,,Canaan MoorePK,Boise StateBroncos,Boise State Broncos Player Stats 2025,
245,50,50,100.0,12,17,70.6,0-0,5-6,3-3,1-5,3-3,52,86,Boise StateBroncos,Boise State Broncos Player Stats 2025,,Total,Boise StateBroncos,Boise State Broncos Player Stats 2025,
246,36,36,100.0,18,19,94.7,0-0,7-7,5-6,6-6,0-0,46,90,New MexicoLobos,New Mexico Lobos Player Stats 2025,1st in Mountain West,Luke DrzewieckiPK,New MexicoLobos,New Mexico Lobos Player Stats 2025,1st in Mountain West
247,36,36,100.0,18,19,94.7,0-0,7-7,5-6,6-6,0-0,46,90,New MexicoLobos,New Mexico Lobos Player Stats 2025,1st in Mountain West,Total,New MexicoLobos,New Mexico Lobos Player Stats 2025,1st in Mountain West
248,35,35,100.0,19,23,82.6,0-0,3-4,5-5,9-9,2-5,53,92,San Diego StateAztecs,San Diego State Aztecs Player Stats 2025,,Gabriel PlascenciaPK,San Diego StateAztecs,San Diego State Aztecs Player Stats 2025,
249,1,1,100.0,0,0,0.0,0-0,0-0,0-0,0-0,0-0,0,1,San Diego StateAztecs,San Diego State Aztecs Player Stats 2025,,Nick CleggPK,San Diego StateAztecs,San Diego State Aztecs Player Stats 2025,
250,36,36,100.0,19,23,82.6,0-0,3-4,5-5,9-9,2-5,53,93,San Diego StateAztecs,San Diego State Aztecs Player Stats 2025,,Total,San Diego StateAztecs,San Diego State Aztecs Player Stats 2025,
251,58,58,100.0,15,20,75.0,0-0,5-5,6-8,2-3,2-4,50,103,UNLVRebels,UNLV Rebels Player Stats 2025,1st in Mountain West,Ramon VillelaPK,UNLVRebels,UNLV Rebels Player Stats 2025,1st in Mountain West
252,58,58,100.0,15,20,75.0,0-0,5-5,6-8,2-3,2-4,50,103,UNLVRebels,UNLV Rebels Player Stats 2025,1st in Mountain West,Total,UNLVRebels,UNLV Rebels Player Stats 2025,1st in Mountain West
253,34,34,100.0,21,27,77.8,0-0,7-10,9-9,5-6,0-2,43,97,Fresno StateBulldogs,Fresno State Bulldogs Player Stats 2025,,Dylan LynchPK,Fresno StateBulldogs,Fresno State Bulldogs Player Stats 2025,
254,34,34,100.0,21,27,77.8,0-0,7-10,9-9,5-6,0-2,43,97,Fresno StateBulldogs,Fresno State Bulldogs Player Stats 2025,,Total,Fresno StateBulldogs,Fresno State Bulldogs Player Stats 2025,
255,40,40,100.0,27,29,93.1,1-1,5-5,10-11,10-10,1-2,52,121,Hawai'iRainbow Warriors,Hawai'i Rainbow Warriors Player Stats 2025,5th in Mountain West,Kansei MatsuzawaPK,Hawai'iRainbow Warriors,Hawai'i Rainbow Warriors Player Stats 2025,5th in Mountain West
256,40,40,100.0,27,29,93.1,1-1,5-5,10-11,10-10,1-2,52,121,Hawai'iRainbow Warriors,Hawai'i Rainbow Warriors Player Stats 2025,5th in Mountain West,Total,Hawai'iRainbow Warriors,Hawai'i Rainbow Warriors Player Stats 2025,5th in Mountain West
257,45,47,95.7,13,18,72.2,0-0,4-4,4-5,5-9,0-0,49,84,Utah StateAggies,Utah State Aggies Player Stats 2025,7th in Mountain West,Tanner RinkerPK,Utah StateAggies,Utah State Aggies Player Stats 2025,7th in Mountain West
258,45,46,97.8,13,18,72.2,0-0,4-4,4-5,5-9,0-0,49,84,Utah StateAggies,Utah State Aggies Player Stats 2025,7th in Mountain West,Total,Utah StateAggies,Utah State Aggies Player Stats 2025,7th in Mountain West
259,14,14,100.0,7,9,77.8,0-0,2-2,3-3,1-2,1-2,52,35,Air ForceFalcons,Air Force Falcons Player Stats 2025,8th in Mountain West,Reagan TubbsPK,Air ForceFalcons,Air Force Falcons Player Stats 2025,8th in Mountain West
260,26,26,100.0,3,6,50.0,0-0,2-2,1-2,0-2,0-0,31,35,Air ForceFalcons,Air Force Falcons Player Stats 2025,8th in Mountain West,Jacob MedinaPK,Air ForceFalcons,Air Force Falcons Player Stats 2025,8th in Mountain West
261,40,40,100.0,10,15,66.7,0-0,4-4,4-5,1-4,1-2,52,70,Air ForceFalcons,Air Force Falcons Player Stats 2025,8th in Mountain West,Total,Air ForceFalcons,Air Force Falcons Player Stats 2025,8th in Mountain West
262,20,20,100.0,19,25,76.0,0-0,3-3,7-8,8-12,1-2,50,77,NevadaWolf Pack,Nevada Wolf Pack Player Stats 2025,9th in Mountain West,Joe McFaddenPK,NevadaWolf Pack,Nevada Wolf Pack Player Stats 2025,9th in Mountain West
263,20,20,100.0,19,25,76.0,0-0,3-3,7-8,8-12,1-2,50,77,NevadaWolf Pack,Nevada Wolf Pack Player Stats 2025,9th in Mountain West,Total,NevadaWolf Pack,Nevada Wolf Pack Player Stats 2025,9th in Mountain West
264,24,24,100.0,6,11,54.5,0-0,2-2,2-4,2-3,0-2,41,42,WyomingCowboys,Wyoming Cowboys Player Stats 2025,9th in Mountain West,Erik SandvikPK,WyomingCowboys,Wyoming Cowboys Player Stats 2025,9th in Mountain West
265,24,24,100.0,6,12,50.0,0-0,2-2,2-4,2-3,0-3,41,42,WyomingCowboys,Wyoming Cowboys Player Stats 2025,9th in Mountain West,Total,WyomingCowboys,Wyoming Cowboys Player Stats 2025,9th in Mountain West
266,19,19,100.0,8,16,50.0,0-0,0-2,6-7,2-5,0-2,48,43,San Jos StateSpartans,San Jos State Spartans Player Stats 2025,9th in Mountain West,Denis LynchPK,San Jos StateSpartans,San Jos State Spartans Player Stats 2025,9th in Mountain West
267,10,11,90.9,4,7,57.1,0-0,2-2,1-2,1-2,0-1,46,22,San Jos StateSpartans,San Jos State Spartans Player Stats 2025,9th in Mountain West,Mathias BrownPK,San Jos StateSpartans,San Jos State Spartans Player Stats 2025,9th in Mountain West
268,29,30,96.7,12,23,52.2,0-0,2-4,7-9,3-7,0-3,48,65,San Jos StateSpartans,San Jos State Spartans Player Stats 2025,9th in Mountain West,Total,San Jos StateSpartans,San Jos State Spartans Player Stats 2025,9th in Mountain West
269,25,25,100.0,5,10,50.0,0-0,2-2,2-3,0-4,1-1,50,40,Colorado StateRams,Colorado State Rams Player Stats 2025,,Isaiah HankinsPK,Colorado StateRams,Colorado State Rams Player Stats 2025,
270,25,25,100.0,5,10,50.0,0-0,2-2,2-3,0-4,1-1,50,40,Colorado StateRams,Colorado State Rams Player Stats 2025,,Total,Colorado StateRams,Colorado State Rams Player Stats 2025,
271,33,33,100.0,16,19,84.2,0-0,6-6,6-8,4-4,0-1,49,81,Washington StateCougars,Washington State Cougars Player Stats 2025,1st in Pac-12,Jack StevensPK,Washington StateCougars,Washington State Cougars Player Stats 2025,1st in Pac-12
272,33,33,100.0,16,19,84.2,0-0,6-6,6-8,4-4,0-1,49,81,Washington StateCougars,Washington State Cougars Player Stats 2025,1st in Pac-12,Total,Washington StateCougars,Washington State Cougars Player Stats 2025,1st in Pac-12
273,19,19,100.0,6,13,46.2,0-0,1-2,3-3,1-7,1-1,53,37,Oregon StateBeavers,Oregon State Beavers Player Stats 2025,1st in Pac-12,Caleb OjedaPK,Oregon StateBeavers,Oregon State Beavers Player Stats 2025,1st in Pac-12
274,1,1,100.0,0,1,0.0,0-0,0-0,0-0,0-1,0-0,0,1,Oregon StateBeavers,Oregon State Beavers Player Stats 2025,1st in Pac-12,Cameron SmithPK,Oregon StateBeavers,Oregon State Beavers Player Stats 2025,1st in Pac-12
275,20,20,100.0,6,14,42.9,0-0,1-2,3-3,1-8,1-1,53,38,Oregon StateBeavers,Oregon State Beavers Player Stats 2025,1st in Pac-12,Total,Oregon StateBeavers,Oregon State Beavers Player Stats 2025,1st in Pac-12
276,56,56,100.0,31,35,88.6,0-0,11-11,6-7,9-10,5-7,58,149,Ole MissRebels,Ole Miss Rebels Player Stats 2025,1st in SEC,Lucas CarneiroPK,Ole MissRebels,Ole Miss Rebels Player Stats 2025,1st in SEC
277,3,3,100.0,0,0,0.0,0-0,0-0,0-0,0-0,0-0,0,3,Ole MissRebels,Ole Miss Rebels Player Stats 2025,1st in SEC,Mike BakerPK,Ole MissRebels,Ole Miss Rebels Player Stats 2025,1st in SEC
278,59,59,100.0,31,35,88.6,0-0,11-11,6-7,9-10,5-7,58,152,Ole MissRebels,Ole Miss Rebels Player Stats 2025,1st in SEC,Total,Ole MissRebels,Ole Miss Rebels Player Stats 2025,1st in SEC
279,54,54,100.0,17,19,89.5,0-0,5-5,4-4,5-6,3-4,53,105,GeorgiaBulldogs,Georgia Bulldogs Player Stats 2025,1st in SEC,Peyton WoodringPK,GeorgiaBulldogs,Georgia Bulldogs Player Stats 2025,1st in SEC
280,54,54,100.0,17,19,89.5,0-0,5-5,4-4,5-6,3-4,53,105,GeorgiaBulldogs,Georgia Bulldogs Player Stats 2025,1st in SEC,Total,GeorgiaBulldogs,Georgia Bulldogs Player Stats 2025,1st in SEC
281,36,36,100.0,12,19,63.2,0-0,4-5,3-3,5-8,0-3,49,72,Texas A&MAggies,Texas A&M Aggies Player Stats 2025,1st in SEC,Randy BondPK,Texas A&MAggies,Texas A&M Aggies Player Stats 2025,1st in SEC
282,19,20,95.0,4,7,57.1,0-0,1-2,3-5,0-0,0-0,39,31,Texas A&MAggies,Texas A&M Aggies Player Stats 2025,1st in SEC,Jared ZirkelPK,Texas A&MAggies,Texas A&M Aggies Player Stats 2025,1st in SEC
283,55,56,98.2,16,26,61.5,0-0,5-7,6-8,5-8,0-3,49,103,Texas A&MAggies,Texas A&M Aggies Player Stats 2025,1st in SEC,Total,Texas A&MAggies,Texas A&M Aggies Player Stats 2025,1st in SEC
284,48,48,100.0,16,23,69.6,0-0,4-6,5-6,7-10,0-1,48,96,AlabamaCrimson Tide,Alabama Crimson Tide Player Stats 2025,1st in SEC,Conor TaltyPK,AlabamaCrimson Tide,Alabama Crimson Tide Player Stats 2025,1st in SEC
285,5,5,100.0,0,0,0.0,0-0,0-0,0-0,0-0,0-0,0,5,AlabamaCrimson Tide,Alabama Crimson Tide Player Stats 2025,1st in SEC,Peter NotaroPK,AlabamaCrimson Tide,Alabama Crimson Tide Player Stats 2025,1st in SEC
286,1,1,100.0,0,0,0.0,0-0,0-0,0-0,0-0,0-0,0,1,AlabamaCrimson Tide,Alabama Crimson Tide Player Stats 2025,1st in SEC,Tucker CorneliusPK,AlabamaCrimson Tide,Alabama Crimson Tide Player Stats 2025,1st in SEC
287,1,1,100.0,0,0,0.0,0-0,0-0,0-0,0-0,0-0,0,1,AlabamaCrimson Tide,Alabama Crimson Tide Player Stats 2025,1st in SEC,Reid SchubackPK,AlabamaCrimson Tide,Alabama Crimson Tide Player Stats 2025,1st in SEC
288,55,55,100.0,16,23,69.6,0-0,4-6,5-6,7-10,0-1,48,103,AlabamaCrimson Tide,Alabama Crimson Tide Player Stats 2025,1st in SEC,Total,AlabamaCrimson Tide,Alabama Crimson Tide Player Stats 2025,1st in SEC
289,48,48,100.0,20,24,83.3,0-0,3-4,8-8,7-7,2-5,53,108,TexasLonghorns,Texas Longhorns Player Stats 2025,5th in SEC,Mason ShipleyPK,TexasLonghorns,Texas Longhorns Player Stats 2025,5th in SEC
290,48,48,100.0,20,24,83.3,0-0,3-4,8-8,7-7,2-5,53,108,TexasLonghorns,Texas Longhorns Player Stats 2025,5th in SEC,Total,TexasLonghorns,Texas Longhorns Player Stats 2025,5th in SEC
291,35,35,100.0,24,27,88.9,0-0,5-5,3-4,8-9,8-9,55,107,OklahomaSooners,Oklahoma Sooners Player Stats 2025,5th in SEC,Tate SandellPK,OklahomaSooners,Oklahoma Sooners Player Stats 2025,5th in SEC
292,35,35,100.0,24,28,85.7,0-0,5-5,3-4,8-9,8-10,55,107,OklahomaSooners,Oklahoma Sooners Player Stats 2025,5th in SEC,Total,OklahomaSooners,Oklahoma Sooners Player Stats 2025,5th in SEC
293,60,61,98.4,13,14,92.9,0-0,2-2,6-6,4-5,1-1,51,99,VanderbiltCommodores,Vanderbilt Commodores Player Stats 2025,5th in SEC,Brock TaylorPK,VanderbiltCommodores,Vanderbilt Commodores Player Stats 2025,5th in SEC
294,1,1,100.0,0,0,0.0,0-0,0-0,0-0,0-0,0-0,0,1,VanderbiltCommodores,Vanderbilt Commodores Player Stats 2025,5th in SEC,Justin DewersPK,VanderbiltCommodores,Vanderbilt Commodores Player Stats 2025,5th in SEC
295,2,2,100.0,0,0,0.0,0-0,0-0,0-0,0-0,0-0,0,2,VanderbiltCommodores,Vanderbilt Commodores Player Stats 2025,5th in SEC,Mason RohmillerPK,VanderbiltCommodores,Vanderbilt Commodores Player Stats 2025,5th in SEC
296,63,64,98.4,13,14,92.9,0-0,2-2,6-6,4-5,1-1,51,102,VanderbiltCommodores,Vanderbilt Commodores Player Stats 2025,5th in SEC,Total,VanderbiltCommodores,Vanderbilt Commodores Player Stats 2025,5th in SEC
297,36,38,94.7,10,14,71.4,0-0,6-7,3-5,1-2,0-0,40,66,MissouriTigers,Missouri Tigers Player Stats 2025,8th in SEC,Robert MeyerPK,MissouriTigers,Missouri Tigers Player Stats 2025,8th in SEC
298,3,3,100.0,3,5,60.0,0-0,1-1,0-0,2-3,0-1,49,12,MissouriTigers,Missouri Tigers Player Stats 2025,8th in SEC,Oliver RobbinsKR,MissouriTigers,Missouri Tigers Player Stats 2025,8th in SEC
299,3,3,100.0,2,2,100.0,0-0,0-0,0-0,1-1,1-1,55,9,MissouriTigers,Missouri Tigers Player Stats 2025,8th in SEC,Blake CraigPK,MissouriTigers,Missouri Tigers Player Stats 2025,8th in SEC
300,42,43,97.7,15,21,71.4,0-0,7-8,3-5,4-6,1-2,55,87,MissouriTigers,Missouri Tigers Player Stats 2025,8th in SEC,Total,MissouriTigers,Missouri Tigers Player Stats 2025,8th in SEC
301,64,64,100.0,14,19,73.7,0-0,4-4,4-6,4-6,2-3,53,106,TennesseeVolunteers,Tennessee Volunteers Player Stats 2025,8th in SEC,Max GilbertPK,TennesseeVolunteers,Tennessee Volunteers Player Stats 2025,8th in SEC
302,3,3,100.0,0,0,0.0,0-0,0-0,0-0,0-0,0-0,0,3,TennesseeVolunteers,Tennessee Volunteers Player Stats 2025,8th in SEC,Josh TurbyvillePK,TennesseeVolunteers,Tennessee Volunteers Player Stats 2025,8th in SEC
303,67,67,100.0,14,19,73.7,0-0,4-4,4-6,4-6,2-3,53,109,TennesseeVolunteers,Tennessee Volunteers Player Stats 2025,8th in SEC,Total,TennesseeVolunteers,Tennessee Volunteers Player Stats 2025,8th in SEC
304,29,30,96.7,24,29,82.8,2-2,6-6,4-5,10-12,2-4,52,101,LSUTigers,LSU Tigers Player Stats 2025,10th in SEC,Damian RamosPK,LSUTigers,LSU Tigers Player Stats 2025,10th in SEC
305,29,30,96.7,24,29,82.8,2-2,6-6,4-5,10-12,2-4,52,101,LSUTigers,LSU Tigers Player Stats 2025,10th in SEC,Total,LSUTigers,LSU Tigers Player Stats 2025,10th in SEC
306,32,32,100.0,13,17,76.5,0-0,2-3,4-4,6-6,1-4,51,71,KentuckyWildcats,Kentucky Wildcats Player Stats 2025,11th in SEC,Jacob KauwePK,KentuckyWildcats,Kentucky Wildcats Player Stats 2025,11th in SEC
307,1,1,100.0,0,0,0.0,0-0,0-0,0-0,0-0,0-0,0,1,KentuckyWildcats,Kentucky Wildcats Player Stats 2025,11th in SEC,Zach SchreinerPK,KentuckyWildcats,Kentucky Wildcats Player Stats 2025,11th in SEC
308,33,33,100.0,13,17,76.5,0-0,2-3,4-4,6-6,1-4,51,72,KentuckyWildcats,Kentucky Wildcats Player Stats 2025,11th in SEC,Total,KentuckyWildcats,Kentucky Wildcats Player Stats 2025,11th in SEC
309,27,28,96.4,18,22,81.8,0-0,4-4,4-6,5-6,5-6,56,81,FloridaGators,Florida Gators Player Stats 2025,11th in SEC,Trey SmackPK,FloridaGators,Florida Gators Player Stats 2025,11th in SEC
310,27,28,96.4,18,22,81.8,0-0,4-4,4-6,5-6,5-6,56,81,FloridaGators,Florida Gators Player Stats 2025,11th in SEC,Total,FloridaGators,Florida Gators Player Stats 2025,11th in SEC
311,35,35,100.0,20,23,87.0,0-0,9-9,5-6,6-7,0-1,49,95,AuburnTigers,Auburn Tigers Player Stats 2025,13th in SEC,Alex McPhersonPK,AuburnTigers,Auburn Tigers Player Stats 2025,13th in SEC
312,35,35,100.0,20,25,80.0,0-0,9-9,5-6,6-7,0-3,49,95,AuburnTigers,Auburn Tigers Player Stats 2025,13th in SEC,Total,AuburnTigers,Auburn Tigers Player Stats 2025,13th in SEC
313,44,44,100.0,17,20,85.0,0-0,3-3,6-6,5-8,3-3,55,95,Mississippi StateBulldogs,Mississippi State Bulldogs Player Stats 2025,13th in SEC,Kyle FerriePK,Mississippi StateBulldogs,Mississippi State Bulldogs Player Stats 2025,13th in SEC
314,2,2,100.0,0,0,0.0,0-0,0-0,0-0,0-0,0-0,0,2,Mississippi StateBulldogs,Mississippi State Bulldogs Player Stats 2025,13th in SEC,Marlon HauckPK,Mississippi StateBulldogs,Mississippi State Bulldogs Player Stats 2025,13th in SEC
315,46,46,100.0,17,20,85.0,0-0,3-3,6-6,5-8,3-3,55,97,Mississippi StateBulldogs,Mississippi State Bulldogs Player Stats 2025,13th in SEC,Total,Mississippi StateBulldogs,Mississippi State Bulldogs Player Stats 2025,13th in SEC
316,31,31,100.0,12,15,80.0,0-0,2-2,5-5,5-8,0-0,49,67,South CarolinaGamecocks,South Carolina Gamecocks Player Stats 2025,13th in SEC,William JoycePK,South CarolinaGamecocks,South Carolina Gamecocks Player Stats 2025,13th in SEC
317,1,1,100.0,0,1,0.0,0-0,0-0,0-0,0-0,0-1,0,1,South CarolinaGamecocks,South Carolina Gamecocks Player Stats 2025,13th in SEC,Mason LovePK,South CarolinaGamecocks,South Carolina Gamecocks Player Stats 2025,13th in SEC
318,32,32,100.0,12,16,75.0,0-0,2-2,5-5,5-8,0-1,49,68,South CarolinaGamecocks,South Carolina Gamecocks Player Stats 2025,13th in SEC,Total,South CarolinaGamecocks,South Carolina Gamecocks Player Stats 2025,13th in SEC
319,47,47,100.0,14,18,77.8,0-0,5-5,4-4,3-6,2-3,53,89,ArkansasRazorbacks,Arkansas Razorbacks Player Stats 2025,16th in SEC,Scott StarzykPK,ArkansasRazorbacks,Arkansas Razorbacks Player Stats 2025,16th in SEC
320,47,47,100.0,14,18,77.8,0-0,5-5,4-4,3-6,2-3,53,89,ArkansasRazorbacks,Arkansas Razorbacks Player Stats 2025,16th in SEC,Total,ArkansasRazorbacks,Arkansas Razorbacks Player Stats 2025,16th in SEC
321,65,65,100.0,14,19,73.7,0-0,3-3,7-7,4-9,0-0,47,107,James MadisonDukes,James Madison Dukes Player Stats 2025,1st in Sun Belt - East,Morgan SuarezPK,James MadisonDukes,James Madison Dukes Player Stats 2025,1st in Sun Belt - East
322,65,65,100.0,14,19,73.7,0-0,3-3,7-7,4-9,0-0,47,107,James MadisonDukes,James Madison Dukes Player Stats 2025,1st in Sun Belt - East,Total,James MadisonDukes,James Madison Dukes Player Stats 2025,1st in Sun Belt - East
323,32,33,97.0,8,15,53.3,0-0,3-3,2-5,2-3,1-4,50,56,Old DominionMonarchs,Old Dominion Monarchs Player Stats 2025,2nd in Sun Belt - East,Riley CallaghanPK,Old DominionMonarchs,Old Dominion Monarchs Player Stats 2025,2nd in Sun Belt - East
324,19,19,100.0,7,10,70.0,1-1,4-5,2-3,0-1,0-0,32,40,Old DominionMonarchs,Old Dominion Monarchs Player Stats 2025,2nd in Sun Belt - East,Nathanial EichnerPK,Old DominionMonarchs,Old Dominion Monarchs Player Stats 2025,2nd in Sun Belt - East
325,51,52,98.1,15,25,60.0,1-1,7-8,4-8,2-4,1-4,50,96,Old DominionMonarchs,Old Dominion Monarchs Player Stats 2025,2nd in Sun Belt - East,Total,Old DominionMonarchs,Old Dominion Monarchs Player Stats 2025,2nd in Sun Belt - East
326,32,32,100.0,15,19,78.9,0-0,5-7,6-7,4-5,0-0,44,77,Coastal CarolinaChanticleers,Coastal Carolina Chanticleers Player Stats 2025,3rd in Sun Belt - East,Kian AfrookhtehPK,Coastal CarolinaChanticleers,Coastal Carolina Chanticleers Player Stats 2025,3rd in Sun Belt - East
327,1,1,100.0,2,4,50.0,0-0,0-0,0-0,1-2,1-2,51,7,Coastal CarolinaChanticleers,Coastal Carolina Chanticleers Player Stats 2025,3rd in Sun Belt - East,Philippe LaforgePK,Coastal CarolinaChanticleers,Coastal Carolina Chanticleers Player Stats 2025,3rd in Sun Belt - East
328,33,33,100.0,17,23,73.9,0-0,5-7,6-7,5-7,1-2,51,84,Coastal CarolinaChanticleers,Coastal Carolina Chanticleers Player Stats 2025,3rd in Sun Belt - East,Total,Coastal CarolinaChanticleers,Coastal Carolina Chanticleers Player Stats 2025,3rd in Sun Belt - East
329,42,42,100.0,17,20,85.0,0-0,12-12,3-3,2-5,0-0,46,93,Georgia SouthernEagles,Georgia Southern Eagles Player Stats 2025,4th in Sun Belt - East,Tripp BryantPK,Georgia SouthernEagles,Georgia Southern Eagles Player Stats 2025,4th in Sun Belt - East
330,42,42,100.0,17,20,85.0,0-0,12-12,3-3,2-5,0-0,46,93,Georgia SouthernEagles,Georgia Southern Eagles Player Stats 2025,4th in Sun Belt - East,Total,Georgia SouthernEagles,Georgia Southern Eagles Player Stats 2025,4th in Sun Belt - East
331,38,39,97.4,21,26,80.8,1-1,7-9,4-5,5-5,4-6,55,101,MarshallThundering Herd,Marshall Thundering Herd Player Stats 2025,5th in Sun Belt - East,Lorcan QuinnPK,MarshallThundering Herd,Marshall Thundering Herd Player Stats 2025,5th in Sun Belt - East
332,38,39,97.4,21,26,80.8,1-1,7-9,4-5,5-5,4-6,55,101,MarshallThundering Herd,Marshall Thundering Herd Player Stats 2025,5th in Sun Belt - East,Total,MarshallThundering Herd,Marshall Thundering Herd Player Stats 2025,5th in Sun Belt - East
333,33,33,100.0,21,27,77.8,0-0,7-7,6-6,8-14,0-0,49,96,App StateMountaineers,App State Mountaineers Player Stats 2025,6th in Sun Belt - East,Dominic De FreitasPK,App StateMountaineers,App State Mountaineers Player Stats 2025,6th in Sun Belt - East
334,33,33,100.0,21,27,77.8,0-0,7-7,6-6,8-14,0-0,49,96,App StateMountaineers,App State Mountaineers Player Stats 2025,6th in Sun Belt - East,Total,App StateMountaineers,App State Mountaineers Player Stats 2025,6th in Sun Belt - East
335,13,13,100.0,5,9,55.6,0-0,1-2,3-4,1-3,0-0,47,28,Georgia StatePanthers,Georgia State Panthers Player Stats 2025,7th in Sun Belt - East,Liam RickmanPK,Georgia StatePanthers,Georgia State Panthers Player Stats 2025,7th in Sun Belt - East
336,7,8,87.5,2,7,28.6,0-0,0-1,0-0,0-3,2-3,60,13,Georgia StatePanthers,Georgia State Panthers Player Stats 2025,7th in Sun Belt - East,Braeden McAlisterPK,Georgia StatePanthers,Georgia State Panthers Player Stats 2025,7th in Sun Belt - East
337,20,20,100.0,7,16,43.8,0-0,1-3,3-4,1-6,2-3,60,41,Georgia StatePanthers,Georgia State Panthers Player Stats 2025,7th in Sun Belt - East,Total,Georgia StatePanthers,Georgia State Panthers Player Stats 2025,7th in Sun Belt - East
338,39,40,97.5,11,16,68.8,0-0,5-5,3-4,3-7,0-0,47,72,TroyTrojans,Troy Trojans Player Stats 2025,1st in Sun Belt - West,Scott Taylor RenfroePK,TroyTrojans,Troy Trojans Player Stats 2025,1st in Sun Belt - West
339,0,0,0.0,1,2,50.0,0-0,0-0,0-0,0-0,1-2,53,3,TroyTrojans,Troy Trojans Player Stats 2025,1st in Sun Belt - West,Paddy McAteerPK,TroyTrojans,Troy Trojans Player Stats 2025,1st in Sun Belt - West
340,39,40,97.5,12,18,66.7,0-0,5-5,3-4,3-7,1-2,53,75,TroyTrojans,Troy Trojans Player Stats 2025,1st in Sun Belt - West,Total,TroyTrojans,Troy Trojans Player Stats 2025,1st in Sun Belt - West
341,33,33,100.0,9,14,64.3,0-0,4-5,2-2,2-6,1-1,52,60,Southern MissGolden Eagles,Southern Miss Golden Eagles Player Stats 2025,2nd in Sun Belt - West,Creighton WilbanksPK,Southern MissGolden Eagles,Southern Miss Golden Eagles Player Stats 2025,2nd in Sun Belt - West
342,13,13,100.0,5,8,62.5,0-0,0-0,4-5,1-2,0-1,43,28,Southern MissGolden Eagles,Southern Miss Golden Eagles Player Stats 2025,2nd in Sun Belt - West,Reed HarradinePK,Southern MissGolden Eagles,Southern Miss Golden Eagles Player Stats 2025,2nd in Sun Belt - West
343,46,46,100.0,14,22,63.6,0-0,4-5,6-7,3-8,1-2,52,88,Southern MissGolden Eagles,Southern Miss Golden Eagles Player Stats 2025,2nd in Sun Belt - West,Total,Southern MissGolden Eagles,Southern Miss Golden Eagles Player Stats 2025,2nd in Sun Belt - West
344,38,38,100.0,20,28,71.4,1-1,3-4,11-13,2-4,3-6,55,98,LouisianaRagin' Cajuns,Louisiana Ragin' Cajuns Player Stats 2025,2nd in Sun Belt - West,Tony SternerPK,LouisianaRagin' Cajuns,Louisiana Ragin' Cajuns Player Stats 2025,2nd in Sun Belt - West
345,38,38,100.0,20,28,71.4,1-1,3-4,11-13,2-4,3-6,55,98,LouisianaRagin' Cajuns,Louisiana Ragin' Cajuns Player Stats 2025,2nd in Sun Belt - West,Total,LouisianaRagin' Cajuns,Louisiana Ragin' Cajuns Player Stats 2025,2nd in Sun Belt - West
346,36,37,97.3,21,27,77.8,0-0,6-8,7-8,4-4,4-7,54,99,Arkansas StateRed Wolves,Arkansas State Red Wolves Player Stats 2025,2nd in Sun Belt - West,Clune Van AndelPK,Arkansas StateRed Wolves,Arkansas State Red Wolves Player Stats 2025,2nd in Sun Belt - West
347,36,37,97.3,21,27,77.8,0-0,6-8,7-8,4-4,4-7,54,99,Arkansas StateRed Wolves,Arkansas State Red Wolves Player Stats 2025,2nd in Sun Belt - West,Total,Arkansas StateRed Wolves,Arkansas State Red Wolves Player Stats 2025,2nd in Sun Belt - West
348,53,54,98.1,21,23,91.3,0-0,7-7,10-10,1-2,3-4,50,116,Texas StateBobcats,Texas State Bobcats Player Stats 2025,,Tyler RoblesPK,Texas StateBobcats,Texas State Bobcats Player Stats 2025,
349,53,54,98.1,21,23,91.3,0-0,7-7,10-10,1-2,3-4,50,116,Texas StateBobcats,Texas State Bobcats Player Stats 2025,,Total,Texas StateBobcats,Texas State Bobcats Player Stats 2025,
350,20,22,90.9,6,9,66.7,0-0,3-4,1-3,2-2,0-0,47,38,South AlabamaJaguars,South Alabama Jaguars Player Stats 2025,5th in Sun Belt - West,Hamilton DiBoyanPK,South AlabamaJaguars,South Alabama Jaguars Player Stats 2025,5th in Sun Belt - West
351,13,15,86.7,1,1,100.0,0-0,1-1,0-0,0-0,0-0,23,16,South AlabamaJaguars,South Alabama Jaguars Player Stats 2025,5th in Sun Belt - West,Davis LittlePK,South AlabamaJaguars,South Alabama Jaguars Player Stats 2025,5th in Sun Belt - West
352,33,37,89.2,7,10,70.0,0-0,4-5,1-3,2-2,0-0,47,54,South AlabamaJaguars,South Alabama Jaguars Player Stats 2025,5th in Sun Belt - West,Total,South AlabamaJaguars,South Alabama Jaguars Player Stats 2025,5th in Sun Belt - West
353,11,13,84.6,2,4,50.0,0-0,0-0,1-1,1-3,0-0,44,17,UL MonroeWarhawks,UL Monroe Warhawks Player Stats 2025,7th in Sun Belt - West,Luke StaggPK,UL MonroeWarhawks,UL Monroe Warhawks Player Stats 2025,7th in Sun Belt - West
354,8,9,88.9,0,2,0.0,0-0,0-1,0-1,0-0,0-0,0,8,UL MonroeWarhawks,UL Monroe Warhawks Player Stats 2025,7th in Sun Belt - West,Jacob ChamblissPK,UL MonroeWarhawks,UL Monroe Warhawks Player Stats 2025,7th in Sun Belt - West
355,2,2,100.0,0,0,0.0,0-0,0-0,0-0,0-0,0-0,0,2,UL MonroeWarhawks,UL Monroe Warhawks Player Stats 2025,7th in Sun Belt - West,Makenzie RyanP,UL MonroeWarhawks,UL Monroe Warhawks Player Stats 2025,7th in Sun Belt - West
356,21,22,95.5,2,7,28.6,0-0,0-1,1-3,1-3,0-0,44,27,UL MonroeWarhawks,UL Monroe Warhawks Player Stats 2025,7th in Sun Belt - West,Total,UL MonroeWarhawks,UL Monroe Warhawks Player Stats 2025,7th in Sun Belt - West
